token,n
dia,228
homem,217
mulher,154
casa,148
dona,144
meio,136
tempo,119
vez,118
noite,117
padre,110
coisa,104
olhos,101
anos,98
menino,87
coronel,85
história,85
senhor,83
velho,83
povo,75
cidade,74
lado,74
coisas,69
horas,66
deus,65
gente,64
pai,63
morte,62
café,61
mundo,61
vida,60
mãe,59
silêncio,59
dias,56
menina,56
porta,56
mão,55
boca,54
bom,54
janela,54
quarto,54
sertão,53
grande,52
mesmo,52
doutor,51
dor,50
marido,50
pessoas,50
anjo,49
medo,49
novo,48
rua,48
pobre,47
água,46
cabeça,46
filho,46
hora,46
manhã,45
alma,43
vaqueiro,43
vento,42
vezes,42
chão,41
diabo,41
pro,41
sol,41
jeito,40
pé,40
praça,40
ano,39
cama,39
certo,39
frente,39
tempos,39
cheiro,38
histórias,38
mesa,38
momento,38
nome,38
verdade,38
tarde,37
cima,36
almoço,35
fim,34
luz,34
velha,34
céu,33
volta,33
cavalo,32
cícero,32
igreja,32
lugar,32
seguinte,32
voz,32
mar,31
minino,31
senhora,31
bode,30
canto,30
corpo,30
forma,30
moça,30
pade,30
professor,30
sala,29
azul,28
bar,28
bicho,28
esposa,28
livro,28
ôxente,28
pessoa,28
rapaz,28
sonho,28
terra,28
chefe,27
dinheiro,27
maior,27
mãos,27
pequena,27
pernas,27
possível,27
trabalho,27
cabra,26
certeza,26
mato,26
mesma,26
noites,26
preto,26
cão,25
conta,25
criança,25
enorme,25
estrada,25
odor,25
olhar,25
alto,24
cara,24
coração,24
fortaleza,24
médico,24
sorriso,24
alfredo,23
bonito,23
folhas,23
frio,23
meninos,23
seca,23
abud,22
agenor,22
bela,22
cadeira,22
causa,22
forte,22
sangue,22
açude,21
amor,21
avô,21
baixo,21
branco,21
busca,21
carta,21
joão,21
parte,21
sombra,21
terrível,21
ar,20
cor,20
cruz,20
dono,20
entanto,20
fato,20
homens,20
muié,20
pele,20
sombras,20
sorte,20
tipo,20
cozinha,19
doente,19
fazenda,19
fome,19
maneira,19
merda,19
miserável,19
mulheres,19
palavras,19
santo,19
sentouse,19
amigos,18
bonita,18
branca,18
cena,18
cigana,18
doce,18
filha,18
francisco,18
impressão,18
jovem,18
melhor,18
monte,18
rede,18
rico,18
sábado,18
zé,18
atenção,17
banheiro,17
cachorro,17
caso,17
chico,17
curiosidade,17
estátua,17
filhos,17
gosto,17
hôme,17
ideia,17
infeliz,17
paixão,17
pés,17
ponto,17
vista,17
beleza,16
cabelos,16
cheio,16
chuva,16
conversa,16
cornélio,16
desgraçado,16
estradas,16
ferro,16
final,16
foto,16
glória,16
meiodia,16
mermo,16
ônibus,16
ouvido,16
peso,16
pessoal,16
quintal,16
riba,16
boa,15
braços,15
dedos,15
enormes,15
espírito,15
feira,15
feliz,15
hospital,15
juazeiro,15
juiz,15
local,15
olho,15
ruas,15
situação,15
solidão,15
alta,14
árvores,14
bandas,14
barriga,14
bastiana,14
cachaça,14
cheia,14
dentes,14
feio,14
gado,14
língua,14
lua,14
madrugada,14
meses,14
negro,14
objeto,14
paletó,14
papel,14
pequeno,14
pesadelo,14
poeta,14
redor,14
repente,14
única,14
véi,14
amarelo,13
antônio,13
assunto,13
avó,13
banco,13
bucho,13
cachorros,13
costume,13
couro,13
crime,13
desgraça,13
dores,13
espanto,13
estranho,13
figura,13
garrafa,13
imagem,13
mistério,13
misteriosa,13
natal,13
negócio,13
pistoleiro,13
planta,13
poeira,13
poema,13
polícia,13
prédio,13
preta,13
profundo,13
quente,13
real,13
rio,13
roupas,13
semana,13
sinal,13
vaca,13
vela,13
vicente,13
abismo,12
alegria,12
alfaiate,12
cerveja,12
chiquim,12
comum,12
humana,12
joaquim,12
longe,12
miúda,12
notícia,12
nuvens,12
paulo,12
peste,12
primeiro,12
relógio,12
rosário,12
sede,12
segredos,12
serra,12
sonhos,12
surpresa,12
véia,12
visão,12
animal,11
anterior,11
aspecto,11
bichos,11
carro,11
chifre,11
chiquinha,11
comendador,11
correntes,11
costas,11
crianças,11
cruel,11
destino,11
escrito,11
febril,11
fria,11
gato,11
horizonte,11
instante,11
intermináveis,11
jornais,11
mal,11
médicos,11
missa,11
paredes,11
pau,11
poder,11
porco,11
portas,11
preciso,11
pronto,11
sextafeira,11
simples,11
terreiro,11
tua,11
vestido,11
vovó,11
almas,10
amigo,10
antiga,10
asas,10
baixa,10
bancos,10
belo,10
bosta,10
braço,10
cabôco,10
caixinha,10
câmara,10
carnaval,10
carne,10
ciço,10
corno,10
demônio,10
diploma,10
doido,10
dom,10
eche,10
época,10
estado,10
estranha,10
família,10
feia,10
fortuna,10
geral,10
gorda,10
interior,10
livros,10
otacílio,10
par,10
prefeito,10
riqueza,10
sacerdote,10
sexo,10
sinhô,10
tecido,10
vazio,10
banho,9
barata,9
barulho,9
beira,9
bodega,9
caatinga,9
calçadas,9
canhão,9
canindé,9
cartão,9
casal,9
coroné,9
criatura,9
cumpade,9
dágua,9
damiana,9
dento,9
diacho,9
dito,9
êita,9
encontro,9
então,9
escravos,9
escura,9
escuro,9
espécie,9
existência,9
festa,9
fio,9
fumaça,9
gole,9
grandes,9
idade,9
idiota,9
impassível,9
irmã,9
jacaré,9
jornal,9
madeira,9
major,9
maria,9
mêi,9
minutos,9
mistérios,9
ô,9
ouro,9
palavra,9
papa,9
passado,9
peido,9
pensão,9
policial,9
presidente,9
quadro,9
razão,9
respeito,9
retrato,9
rita,9
rodas,9
rosto,9
roupa,9
ruínas,9
santa,9
semblante,9
sequer,9
tamanho,9
tapioca,9
testa,9
tio,9
torno,9
vereador,9
vermelha,9
viagem,9
viajante,9
vinho,9
visita,9
vontade,9
acidente,8
águas,8
ambiente,8
aparência,8
assombração,8
assustador,8
ato,8
balcão,8
banto,8
brancas,8
cabo,8
cafezinho,8
calçada,8
cantos,8
cartilhas,8
casas,8
casinha,8
cego,8
centro,8
charges,8
cliente,8
comida,8
copo,8
coragem,8
curioso,8
delírios,8
desejo,8
desejos,8
difunto,8
direito,8
doença,8
domingo,8
dotô,8
egídio,8
espera,8
face,8
fácil,8
falsos,8
festas,8
força,8
funcionário,8
garupa,8
genovaldo,8
gota,8
infernal,8
inteira,8
leite,8
lembro,8
lugares,8
mala,8
matadouro,8
mau,8
meninas,8
morto,8
motivo,8
muro,8
nóis,8
nova,8
ofegante,8
onde,8
ouvidos,8
pais,8
pano,8
pároco,8
passos,8
paz,8
pedra,8
pedras,8
peixe,8
perfume,8
poltrona,8
pras,8
presença,8
presente,8
primeira,8
pública,8
puta,8
rádio,8
região,8
repartição,8
saúde,8
seco,8
seguida,8
segunda,8
segundo,8
sensação,8
sério,8
sertanejo,8
som,8
suor,8
tardes,8
tímido,8
triste,8
trovões,8
tu,8
um,8
vendedor,8
verdadeiro,8
vergonha,8
vizinhos,8
abstratos,7
agripino,7
andanças,7
antigo,7
baixinho,7
barbearia,7
bebida,7
berço,7
besta,7
bíblia,7
burrinha,7
cabeças,7
cabelo,7
caixão,7
caminho,7
capital,7
carneiro,7
carros,7
chagas,7
cheirosa,7
chiquinho,7
choro,7
claro,7
contase,7
corpos,7
corte,7
coxas,7
cu,7
custo,7
direção,7
disposto,7
distante,7
distinto,7
dondon,7
edifício,7
égua,7
entrada,7
esperança,7
fantasma,7
feijão,7
feita,7
fotos,7
galinha,7
galinhas,7
gargalhada,7
gentil,7
horror,7
humor,7
imburana,7
inferno,7
infernos,7
inútil,7
irmão,7
janelas,7
lembrouse,7
lenda,7
lenha,7
localidade,7
loura,7
luzes,7
mariazinha,7
menos,7
mercado,7
moço,7
mode,7
monsenhor,7
morta,7
música,7
navios,7
ombro,7
ora,7
palacete,7
papeis,7
partir,7
pasta,7
pavor,7
peça,7
pedaços,7
peito,7
pescoço,7
pior,7
pobres,7
política,7
posição,7
pretos,7
próprio,7
puro,7
quer,7
raios,7
rapadura,7
resposta,7
segredo,7
serviço,7
sono,7
sorridente,7
sozinho,7
sr,7
tapiocas,7
telefone,7
televisão,7
tenda,7
terras,7
tesouro,7
tô,7
torre,7
varanda,7
velhos,7
verde,7
verdes,7
vermelho,7
vô,7
vulto,7
zégeraldo,7
abraço,6
absorto,6
adentro,6
advogado,6
afazeres,6
alívio,6
altas,6
amarelos,6
antigas,6
antigos,6
área,6
atônito,6
autor,6
bando,6
belíssima,6
bem,6
benzedor,6
bilhete,6
boticário,6
breve,6
brisa,6
cacimbão,6
cadeados,6
caixeiro,6
caminhos,6
carmosa,6
cartomante,6
casado,6
casamento,6
casarão,6
castelo,6
católico,6
ceará,6
chance,6
chargista,6
cheios,6
coberto,6
cobiça,6
cocadas,6
coco,6
colar,6
compadre,6
completo,6
condições,6
confins,6
conhecido,6
construção,6
consultório,6
contínuo,6
convite,6
cortinas,6
cristo,6
defronte,6
demônios,6
descomunal,6
deserta,6
difícil,6
diplomas,6
diretor,6
dizse,6
empresário,6
encomenda,6
endereço,6
enfermeira,6
esquecido,6
esquina,6
estados,6
estômago,6
europa,6
exemplo,6
explicação,6
falso,6
fatídico,6
febre,6
fedor,6
feladaputa,6
ferreira,6
florencia,6
fogão,6
fundo,6
galhos,6
grave,6
guardaroupa,6
impossível,6
impressionante,6
interminável,6
janeiro,6
jantar,6
jardim,6
joelhos,6
jornalista,6
juízo,6
júlia,6
justo,6
juvenal,6
lágrimas,6
lei,6
licença,6
linha,6
lixo,6
luxo,6
magra,6
mais,6
marrom,6
mata,6
matriz,6
medonha,6
melhores,6
mês,6
metade,6
milagre,6
natureza,6
negóço,6
negra,6
nervoso,6
nicanô,6
nóca,6
números,6
orgulho,6
orlanda,6
ormuz,6
padim,6
página,6
passageiros,6
passarinho,6
pesadeira,6
pleno,6
ponta,6
português,6
preço,6
pressa,6
profunda,6
pros,6
raio,6
rápido,6
rei,6
reunião,6
rezadeira,6
roçado,6
roda,6
rumo,6
santos,6
secas,6
secos,6
sei,6
semelhante,6
senhorita,6
sentença,6
soneto,6
susto,6
tamanha,6
tampa,6
tem,6
terço,6
terríveis,6
tom,6
trevas,6
último,6
vale,6
valor,6
vara,6
vaso,6
velas,6
velhas,6
velório,6
vozes,6
zói,6
acaraú,5
aço,5
acordo,5
afinal,5
agonia,5
agressões,5
alheio,5
alpendre,5
altura,5
alvoroço,5
amanheceu,5
amizade,5
ancestrais,5
andar,5
anel,5
anseios,5
areia,5
arimatéia,5
arma,5
arrependimento,5
assassino,5
assustadora,5
avião,5
banca,5
banquinha,5
bares,5
batente,5
batidas,5
bebê,5
bolo,5
bolsos,5
brasil,5
caba,5
caçuás,5
cada,5
calças,5
calma,5
carinho,5
carnaubeiras,5
catolé,5
cearense,5
centenário,5
charge,5
chave,5
cigarro,5
coincidência,5
colegas,5
comércio,5
companhia,5
confusão,5
conto,5
credo,5
cuidado,5
cura,5
dedo,5
desespero,5
devota,5
diária,5
dificuldade,5
distantes,5
dita,5
doentia,5
dormia,5
dúvida,5
entranhas,5
episódio,5
escritor,5
escritório,5
escuridão,5
esmeralda,5
especial,5
espelho,5
exausto,5
excelente,5
faces,5
farmácia,5
fatal,5
fazendas,5
fé,5
feitiço,5
feiúra,5
fia,5
flores,5
fogo,5
fogueira,5
francês,5
gabinete,5
ganância,5
gélido,5
glorinha,5
gritava,5
grito,5
grotesca,5
hálito,5
hermengarda,5
hotel,5
ildefonso,5
imensa,5
importante,5
incêndio,5
inhamuns,5
início,5
inocente,5
inquietantes,5
inscrição,5
intenso,5
internet,5
intuito,5
jesus,5
jogos,5
lados,5
lancinante,5
letras,5
levantouse,5
leve,5
lombo,5
longos,5
mãezinha,5
mandante,5
mármore,5
mazé,5
memória,5
mesinha,5
metros,5
milho,5
misto,5
movimento,5
mundial,5
murmúrio,5
nadinha,5
nariz,5
negros,5
notas,5
novos,5
óculos,5
ofício,5
opinião,5
ordem,5
originais,5
osmundo,5
paciente,5
pacote,5
padroeira,5
país,5
panelas,5
pão,5
parada,5
parafusos,5
parede,5
paroquial,5
passagem,5
pensamentos,5
pequenas,5
pequeninos,5
perdão,5
perigoso,5
período,5
pesadelos,5
péssimo,5
pilha,5
político,5
porte,5
praia,5
prato,5
próprias,5
pulo,5
pura,5
quantia,5
rabo,5
raça,5
raimundo,5
raiva,5
rapazes,5
rasgamortalha,5
relâmpagos,5
religioso,5
restaurante,5
rosa,5
rosas,5
sabese,5
sabia,5
salão,5
sanitário,5
secretária,5
século,5
segundos,5
semanas,5
semelhantes,5
sereno,5
serrote,5
serviços,5
silenciosa,5
sinais,5
só,5
sobrado,5
sofá,5
solitária,5
sucedido,5
sucesso,5
sujeito,5
sujo,5
surpreso,5
surra,5
tanto,5
telhado,5
tentáculos,5
tia,5
tiro,5
tornouse,5
tristeza,5
troca,5
troço,5
turco,5
unhas,5
vagas,5
valha,5
vazia,5
venda,5
ver,5
visagens,5
vítima,5
vultos,5
abominável,4
adélia,4
aeroporto,4
aflito,4
agouro,4
alarido,4
alheia,4
amante,4
angico,4
angústia,4
anoitecer,4
apartamento,4
aragem,4
arrumação,4
asa,4
asco,4
assustadores,4
assustados,4
ausência,4
automóvel,4
avesso,4
baile,4
bala,4
bandeja,4
banquete,4
barão,4
barra,4
barzinho,4
bêbado,4
bêbados,4
beijo,4
bicha,4
bispo,4
boato,4
bolso,4
botija,4
botões,4
brancos,4
brasa,4
cabras,4
cachorrinha,4
cadeiras,4
calafrio,4
campo,4
cansado,4
característico,4
carreira,4
cartas,4
casada,4
catimbozeira,4
católica,4
ceifador,4
central,4
cerimônia,4
certa,4
chá,4
chamado,4
chaves,4
chegada,4
cheirosas,4
chifres,4
chiqueiro,4
cidadão,4
cidades,4
cintura,4
circunstantes,4
ciúme,4
cocacola,4
cócoras,4
comia,4
confesso,4
conhecimento,4
consciência,4
considerável,4
contrário,4
conversas,4
criminoso,4
cristos,4
cuidados,4
culpa,4
culto,4
curso,4
década,4
demoníaco,4
descomunais,4
desprezível,4
desprezo,4
deuses,4
devo,4
dezembro,4
diferente,4
difíceis,4
digno,4
diversos,4
dó,4
doida,4
donzela,4
doutorzinho,4
dr,4
echa,4
empenho,4
encanto,4
encomendas,4
enfermeiras,4
engano,4
engenheiro,4
enterro,4
escultura,4
esforço,4
esnobe,4
espaço,4
esses,4
estrago,4
estrelas,4
estrupício,4
evento,4
eventos,4
expectativa,4
explicações,4
extravagantes,4
faca,4
facão,4
faceira,4
fama,4
famoso,4
fanáticos,4
felipinho,4
feroz,4
fí,4
finais,4
folia,4
fortes,4
fulô,4
fumo,4
fúria,4
futebol,4
gabavase,4
garapa,4
gás,4
gráfica,4
grosso,4
grunhidos,4
gruta,4
horário,4
humilde,4
idiotas,4
iminente,4
incrédulo,4
infernais,4
insones,4
instantes,4
insuportável,4
inteiro,4
interesse,4
inverno,4
ira,4
jacira,4
josézim,4
jovens,4
juntas,4
lâmina,4
lamparinas,4
latas,4
léguas,4
longas,4
longo,4
loucura,4
lourenço,4
lubisôme,4
lustroso,4
luxuoso,4
má,4
macho,4
macura,4
madrugadas,4
magnífico,4
magro,4
maioria,4
mané,4
manga,4
mansinho,4
maravilhas,4
matador,4
matizes,4
maus,4
medíocre,4
meianoite,4
menção,4
mental,4
mentira,4
meretrício,4
mestre,4
metido,4
mijo,4
mínimo,4
miséria,4
monólitos,4
monstro,4
montes,4
moribundo,4
mortal,4
mortos,4
mundinha,4
náufrago,4
negócios,4
nordeste,4
norte,4
novas,4
nu,4
obra,4
ódio,4
oitizeiro,4
olhinhos,4
oração,4
órbitas,4
orgias,4
paciência,4
padaria,4
pare,4
pássaros,4
passo,4
patos,4
pausa,4
pecado,4
pedro,4
peia,4
pequenos,4
perfeito,4
perguntas,4
perna,4
piada,4
piadas,4
pombos,4
ponte,4
portão,4
porto,4
posses,4
prefeitura,4
prego,4
presa,4
pressentimento,4
princesa,4
príncipe,4
profetas,4
profundezas,4
próprios,4
prosa,4
próxima,4
pru,4
público,4
punho,4
quantidade,4
quartos,4
queda,4
quenga,4
questão,4
quinquinha,4
quixadá,4
radinho,4
raparigas,4
redemoinho,4
reluzentes,4
repentina,4
restos,4
retalhos,4
reza,4
risca,4
robusto,4
rochedos,4
rodolfo,4
romão,4
ruim,4
sabedoria,4
sábio,4
sapatos,4
sapo,4
satisfação,4
sedição,4
sentavase,4
sentido,4
sentimento,4
serena,4
sermão,4
severino,4
sexuais,4
soberba,4
solene,4
suave,4
súbita,4
sumiço,4
supetão,4
tarefa,4
tava,4
teófilo,4
terror,4
total,4
trabalhos,4
tranquilo,4
travas,4
trêmulo,4
tribo,4
trombose,4
última,4
últimos,4
urgência,4
urna,4
uso,4
vai,4
vampiro,4
velhinha,4
ventania,4
vereadores,4
vidro,4
vingança,4
violência,4
violenta,4
visões,4
viúva,4
vixe,4
vizinhança,4
voltouse,4
voo,4
votos,4
xícara,4
xx,4
zefinha,4
zelo,4
zinebra,4
abacaxi,3
abelhas,3
aberta,3
abertas,3
abraços,3
acertado,3
acesso,3
açougueiro,3
acre,3
administração,3
adoração,3
advertências,3
aflição,3
algazarra,3
algemas,3
alumínio,3
amantes,3
amêndoas,3
anda,3
andarilho,3
angelical,3
angustiante,3
ânsia,3
ânsias,3
apaixonado,3
aparelho,3
aparições,3
aperto,3
apreço,3
apreensivo,3
ardente,3
árdua,3
armas,3
aroma,3
arquejante,3
arquidiocese,3
arreios,3
arte,3
artefato,3
artigo,3
artigos,3
assassínio,3
assuntos,3
assustado,3
ateu,3
atônitos,3
atroz,3
autoridades,3
avareza,3
avassaladora,3
ave,3
avemaria,3
azar,3
azuis,3
bafo,3
banana,3
batata,3
batatadoce,3
batia,3
batista,3
baú,3
beber,3
bebia,3
beijos,3
bênção,3
benedita,3
bico,3
boas,3
boatos,3
bocas,3
boêmios,3
bolsafamília,3
bons,3
boqueirão,3
borboletas,3
bordão,3
botas,3
bote,3
braba,3
brabo,3
brincadeiras,3
brutal,3
bruxa,3
burrinho,3
caatingas,3
cabaça,3
cabaré,3
cabreiro,3
cachaças,3
cachorra,3
cães,3
caixas,3
calor,3
cambaleante,3
campanha,3
cana,3
canção,3
cânfora,3
cangalhas,3
cariri,3
casca,3
casos,3
castro,3
cata,3
cegueira,3
cemitério,3
centenárias,3
centenas,3
cerebrais,3
cerebral,3
céus,3
chacota,3
cheiros,3
cheiroso,3
chorosa,3
chumbo,3
chuvosa,3
civil,3
cobres,3
coça,3
cococi,3
cofres,3
colcha,3
colérico,3
coluna,3
colunas,3
coma,3
comercial,3
concreto,3
conduta,3
confessionário,3
contato,3
contos,3
contragosto,3
conturbada,3
convento,3
copa,3
copos,3
coqueiro,3
corajoso,3
coral,3
cores,3
costumeira,3
criaturas,3
criminosos,3
cruzeiro,3
cuia,3
cume,3
curálo,3
curto,3
decente,3
dedé,3
deixandoo,3
delicado,3
demo,3
dentista,3
descalços,3
descanso,3
desconexas,3
desenhos,3
deserto,3
deslumbrante,3
detalhes,3
deve,3
diálogo,3
diche,3
digase,3
disgramado,3
distância,3
dívidas,3
domingos,3
dominical,3
donos,3
dormidas,3
dura,3
eclesiásticas,3
editor,3
eita,3
ela,3
eleitos,3
embaixo,3
emílio,3
empresa,3
encantos,3
encontrálo,3
energia,3
entreaberta,3
entulhos,3
envolto,3
erudito,3
escarnecedores,3
escassez,3
escolas,3
escrituras,3
esmo,3
espectro,3
especulações,3
esquecimento,3
esquisito,3
estação,3
estranhas,3
estreita,3
estupefato,3
eufórico,3
exames,3
exemplar,3
exército,3
êxito,3
experiência,3
extravagante,3
fadiga,3
falatório,3
falta,3
famílias,3
fardo,3
farinha,3
fartura,3
fatídica,3
fazêlo,3
fazeno,3
fazia,3
febres,3
federal,3
fedorento,3
feiticeira,3
filosofias,3
fixo,3
floro,3
fórum,3
frango,3
fraqueza,3
frias,3
frutas,3
funções,3
fundos,3
ganchos,3
garoto,3
garrafas,3
garras,3
gemidos,3
gloriae,3
golpe,3
gordura,3
gostoso,3
governo,3
grades,3
grávida,3
grossa,3
guardachuva,3
hábito,3
hábitos,3
helenita,3
hemisférios,3
home,3
horrível,3
hóstia,3
humorado,3
ideias,3
imagens,3
imemoriais,3
imensidão,3
imenso,3
imóveis,3
imóvel,3
imperceptível,3
implacável,3
importância,3
inaudível,3
incansável,3
inconsolável,3
índia,3
infame,3
infames,3
ininteligível,3
inocência,3
insalubre,3
insônia,3
instituto,3
interessante,3
intermitentes,3
inúmeras,3
invisível,3
iracema,3
jarro,3
joias,3
jornalistas,3
josé,3
josefa,3
josefo,3
joviniano,3
juazêro,3
judiciário,3
jumento,3
juventude,3
kennedy,3
lágrima,3
lajeiro,3
lamento,3
lapada,3
laranjeira,3
lauto,3
leis,3
levasse,3
lia,3
limpeza,3
literatura,3
livre,3
lobo,3
lojas,3
louco,3
lucro,3
luto,3
madame,3
magia,3
mágico,3
magide,3
maiores,3
malas,3
maldição,3
males,3
maligno,3
mancebo,3
mandíbula,3
manhãs,3
manoel,3
manto,3
manu,3
mãozinhas,3
marminino,3
marmota,3
matagal,3
matouse,3
medicamentos,3
medida,3
medíocres,3
medonho,3
medula,3
mel,3
melado,3
melhora,3
mercador,3
mercedes,3
mesas,3
metálico,3
milionário,3
mimada,3
mínima,3
minuto,3
misteriosas,3
misterioso,3
miudezas,3
modernidade,3
modinha,3
modo,3
moeda,3
mói,3
monarca,3
moradores,3
moral,3
morna,3
morno,3
moscas,3
motorista,3
mudança,3
mudo,3
multidão,3
municipal,3
narinas,3
narrativas,3
nascimento,3
nativa,3
nauseabunda,3
náuseas,3
nemésio,3
netinha,3
netinhos,3
newton,3
noturno,3
ó,3
objetivo,3
obrigação,3
ocultas,3
oh,3
oitenta,3
olhares,3
ondas,3
oportunidade,3
orações,3
orelhas,3
ossos,3
ouviuse,3
padroeiro,3
pádua,3
painosso,3
palmos,3
papéis,3
papelada,3
papelão,3
paralisia,3
parecia,3
paris,3
paróquia,3
parque,3
partido,3
passouse,3
pato,3
pedaço,3
pedido,3
peidos,3
penca,3
penico,3
penitência,3
pensativo,3
penteadeira,3
pequenina,3
perdido,3
pergunta,3
pesado,3
péssimas,3
pia,3
pio,3
pobreza,3
poça,3
poesia,3
poetas,3
políticos,3
popular,3
pôsse,3
pote,3
poucos,3
prata,3
prece,3
prêmio,3
presilhas,3
pretinha,3
primeiras,3
primeiros,3
principal,3
princípio,3
problemas,3
produtos,3
profundos,3
profusão,3
proprietário,3
provincial,3
provocante,3
pudor,3
quebrado,3
quiosque,3
radiante,3
raivoso,3
ramo,3
rancor,3
reação,3
reais,3
realidade,3
relatos,3
relho,3
religiões,3
reluzente,3
remédio,3
repentino,3
repleta,3
repulsa,3
resto,3
revista,3
revistas,3
revoada,3
ribeira,3
risos,3
ritual,3
rodoviária,3
sabe,3
saco,3
saí,3
salgado,3
salto,3
são,3
satanás,3
satisfeito,3
satisfeitos,3
senhores,3
sentado,3
sentidos,3
sepulcral,3
ser,3
seresteiros,3
serras,3
setembro,3
setor,3
severas,3
shopping,3
silenciosas,3
simplicidade,3
singelo,3
sino,3
sítios,3
solo,3
sonetos,3
sons,3
sopro,3
sorria,3
súbito,3
suco,3
sumitero,3
surda,3
suspiro,3
sussurro,3
sutil,3
taipa,3
tanque,3
tardezinha,3
tarefas,3
taxativo,3
teresa,3
terrorista,3
tez,3
tímida,3
título,3
toalha,3
todos,3
tosse,3
tragédia,3
transformação,3
tripas,3
troncho,3
tronco,3
trôpega,3
turva,3
único,3
universidade,3
urina,3
vacas,3
vaievem,3
valente,3
valise,3
vão,3
vaqueiros,3
varão,3
vegetação,3
veia,3
veias,3
verão,3
vermelhas,3
vermelhos,3
versão,3
versos,3
viaduto,3
vidas,3
vigário,3
vil,3
vindas,3
vinha,3
viola,3
virouse,3
visage,3
vistos,3
vítimas,3
vizinho,3
vômito,3
zona,3
zóvos,3
abate,2
abismos,2
absorta,2
abundante,2
acabrunhada,2
academia,2
ação,2
acautelaivos,2
acontecido,2
açudes,2
advertência,2
affonso,2
afilhado,2
aflita,2
agressor,2
agricultores,2
aírton,2
ajunta,2
alarcão,2
álcool,2
alerta,2
alfazema,2
algodão,2
algueiro,2
algum,2
alôjo,2
altar,2
altíssimo,2
altos,2
alvitre,2
amado,2
amaldiçoado,2
amanhecia,2
amarela,2
amargor,2
amargura,2
ambicioso,2
amorosa,2
amuleto,2
amuletos,2
andarilhos,2
anéis,2
ângelus,2
angolana,2
angústias,2
aniversariantes,2
anotações,2
antissocial,2
antójo,2
antro,2
anúncios,2
apaixonouse,2
aparição,2
apresentação,2
aquela,2
araruta,2
armarinho,2
arneiroz,2
arquiteto,2
arrogância,2
artes,2
artistas,2
árvore,2
assaltos,2
assassinato,2
assassinatos,2
assembleia,2
assis,2
assovio,2
astros,2
ataque,2
atentados,2
atitude,2
atividades,2
atmosfera,2
atravessandoo,2
atuação,2
autoridade,2
avenida,2
avental,2
aventura,2
avermelhados,2
avexado,2
ávido,2
azarado,2
azedo,2
azeitonas,2
azteca,2
baba,2
bacia,2
bagagem,2
bahia,2
baitola,2
baitolas,2
balaço,2
balanço,2
balas,2
banda,2
baratas,2
barba,2
barbalha,2
barbalhense,2
barreto,2
barriguda,2
barro,2
bartolomeu,2
bastante,2
batalha,2
batina,2
batismal,2
batismo,2
batom,2
beato,2
bebedeiras,2
bebidas,2
becas,2
beiços,2
beijinhos,2
bemtevis,2
benevolência,2
bens,2
benta,2
benzedeira,2
berros,2
berruga,2
bicheira,2
bichinha,2
bicicleta,2
bigode,2
boêmio,2
bofão,2
boiola,2
bolas,2
bolha,2
boniteza,2
bota,2
bradei,2
brasas,2
breu,2
brilho,2
brincadeira,2
brinquedos,2
brumas,2
bruto,2
bufas,2
bunda,2
burburinho,2
burro,2
cabarés,2
cabeleira,2
cachimbo,2
caco,2
cadáver,2
caduquice,2
cagada,2
cagado,2
caixa,2
calamitosa,2
calda,2
calendário,2
camisa,2
campainha,2
campos,2
canalha,2
canetas,2
canja,2
cansaço,2
cantador,2
capaz,2
capeta,2
capoeiras,2
caprichado,2
carai,2
caralho,2
careca,2
careta,2
cargos,2
carnais,2
carnavalesco,2
caro,2
caros,2
cartaz,2
cartilha,2
casados,2
casais,2
catadores,2
catedral,2
categoria,2
catimbozêra,2
cativas,2
católicos,2
causo,2
cedinho,2
cedro,2
ceia,2
celeste,2
celular,2
centavos,2
centenária,2
centímetros,2
certeiro,2
cesto,2
cetônico,2
chama,2
chamada,2
chamouo,2
champanhe,2
chibata,2
chifrudo,2
chucro,2
cidadezinha,2
cine,2
cinzas,2
ciumêra,2
clara,2
clarão,2
classe,2
clima,2
clínico,2
clube,2
cobertor,2
cobra,2
cobre,2
coitada,2
coivaras,2
colação,2
colapso,2
colchão,2
cólera,2
coletivo,2
começo,2
comedor,2
comitiva,2
comportamento,2
comprimento,2
comunitário,2
conceituado,2
concupiscente,2
concurso,2
condenação,2
condenado,2
condolências,2
confiante,2
conhecedor,2
consequências,2
conserto,2
consorte,2
conspiração,2
constante,2
constantes,2
consumo,2
contentamento,2
convidado,2
convidados,2
convívio,2
corações,2
cordão,2
cornos,2
coro,2
coroa,2
corredor,2
corrente,2
cortante,2
coruja,2
cosme,2
covas,2
crack,2
crânio,2
crato,2
cravodaíndia,2
crente,2
criação,2
criador,2
cristão,2
críticos,2
crochê,2
crônica,2
cruéis,2
crueldade,2
cruzeiros,2
cuidadora,2
cuidaria,2
culpavao,2
cultos,2
cultural,2
cum,2
curado,2
curador,2
curar,2
curiosa,2
curiosas,2
curiosos,2
curva,2
cuscuz,2
cuscuzcomleite,2
cusdecana,2
cusparada,2
dá,2
dadivosas,2
dado,2
danada,2
danado,2
debates,2
décadas,2
decência,2
decisão,2
definitivo,2
defunto,2
degraus,2
demanda,2
demência,2
denúncia,2
deparouse,2
depressão,2
deputado,2
derrota,2
desaforo,2
desastre,2
desconfio,2
desculpa,2
desculpouse,2
desertas,2
desfiladeiro,2
desgosto,2
desolação,2
destrambelhado,2
destruição,2
deuse,2
devastador,2
devastadora,2
devido,2
dezembros,2
diácono,2
diagnóstico,2
diâmetro,2
diarreia,2
dignos,2
direto,2
discovoador,2
discussões,2
disgraça,2
disparada,2
distinta,2
diversas,2
divertiase,2
diziase,2
doces,2
documento,2
dodoz,2
doentias,2
doentio,2
dólares,2
doppelgänger,2
duro,2
dúvidas,2
eclesiástica,2
edis,2
el,2
eleitoral,2
eleitores,2
elétrica,2
eletrodoméstico,2
eletrônica,2
embaixada,2
embrulhar,2
embrulho,2
empreitada,2
encantamento,2
encefálico,2
encheuse,2
encruzilhadas,2
enfeites,2
enfermagem,2
enfermeiro,2
enfermos,2
enfim,2
enigmático,2
ensurdecedor,2
entardecer,2
entendimento,2
entreaberto,2
entrega,2
entrevista,2
entusiasmo,2
envelopes,2
equipamentos,2
erro,2
esbaforida,2
escadas,2
escondidas,2
escuros,2
esdrúxulos,2
esfomeado,2
esmeril,2
espanhol,2
espatifandose,2
espectrais,2
espeluncas,2
esperado,2
espessas,2
espetáculo,2
espinha,2
espinhaço,2
espinhos,2
espiritual,2
espreita,2
esquelético,2
esqueminha,2
esquerda,2
estaca,2
estágio,2
estampidos,2
estátuas,2
estética,2
estrado,2
estrangeiro,2
estrela,2
estribeiras,2
estripulias,2
estrondo,2
estudos,2
esvaindose,2
esvairse,2
eterno,2
ética,2
eucalipto,2
euforia,2
europeus,2
evangélico,2
exame,2
exatos,2
execrável,2
expectativas,2
expediente,2
expedito,2
expressão,2
expressões,2
extasiado,2
fábulas,2
faculdades,2
falcatrua,2
falecido,2
falei,2
famía,2
familiares,2
faminto,2
fantasmagórico,2
fantasmas,2
fantásticas,2
farosa,2
farra,2
fascínio,2
fatalidade,2
fátima,2
fazendeiros,2
fedelho,2
feiralivre,2
feiúras,2
fenda,2
ferimento,2
ferimentos,2
ferramentas,2
ferros,2
fervura,2
fezes,2
fi,2
fico,2
fícusbenjamim,2
fieis,2
filhinha,2
filhinhos,2
filme,2
filmes,2
filosofia,2
fímbria,2
finado,2
finas,2
finos,2
fins,2
firmino,2
fiscal,2
fisionomia,2
fita,2
fitandoo,2
fitas,2
fofoqueiros,2
fôlego,2
folga,2
fonte,2
forças,2
formatura,2
formigas,2
formiguinhas,2
formouse,2
fósforos,2
fossa,2
fração,2
fraco,2
fracos,2
francesa,2
franco,2
frase,2
frenética,2
fresco,2
friedrich,2
frôxo,2
frutos,2
fulminante,2
fumegante,2
furor,2
gabriel,2
gaiato,2
gaios,2
galanteador,2
galo,2
gambás,2
garçom,2
garganta,2
geladeira,2
geladinha,2
gêmeo,2
gemido,2
gênero,2
generosa,2
gentileza,2
geração,2
gerais,2
gigantescos,2
giratória,2
gordas,2
gordo,2
gordos,2
gorjeios,2
gotas,2
governador,2
graça,2
grana,2
granito,2
gratuitas,2
grau,2
graves,2
gravidez,2
gritos,2
grossas,2
grude,2
guarda,2
guardador,2
guardião,2
guerra,2
guimarães,2
gula,2
guru,2
havia,2
herança,2
historiador,2
ho,2
holding,2
homenagem,2
honesto,2
honrado,2
hospitalares,2
humanidade,2
humildade,2
ideal,2
idelfonso,2
idioma,2
idiotice,2
igrejas,2
igual,2
igualzinho,2
ilusão,2
imaginação,2
imaginária,2
ímpeto,2
impiedoso,2
imponente,2
imprecações,2
imprensa,2
impressionantes,2
impressos,2
imprevisto,2
impronunciável,2
imundo,2
incautos,2
incessante,2
incólume,2
incômoda,2
incompreensível,2
incontrolável,2
incorrigíveis,2
indecente,2
índio,2
índios,2
indivíduo,2
índole,2
indústria,2
inebriante,2
inefáveis,2
inescrupuloso,2
inesperados,2
infância,2
infortúnio,2
inhaca,2
inicio,2
inimigo,2
ininteligíveis,2
inquieta,2
insinuante,2
insistência,2
íntegros,2
inteiras,2
intelectuais,2
intenção,2
intende,2
interessado,2
interferência,2
intestinal,2
intimidades,2
intrigada,2
inúmeros,2
inundação,2
inúteis,2
inverossímil,2
invisibilidade,2
invisíveis,2
irreparável,2
irrepreensível,2
isabel,2
isidora,2
jabarana,2
jabaranas,2
jagunçada,2
jagunços,2
janelão,2
jangadas,2
jato,2
jejum,2
jovial,2
judas,2
julho,2
jurema,2
justiça,2
justificativa,2
justificativas,2
lábios,2
laços,2
ladainha,2
ladrões,2
lama,2
lamparina,2
lápide,2
largo,2
largos,2
largura,2
lascívia,2
lascivo,2
latifundiário,2
lembranças,2
lenço,2
lepra,2
leprosa,2
liberdade,2
lida,2
lido,2
linguagem,2
linhas,2
líquido,2
lobisomem,2
logo,2
lombos,2
longa,2
lotado,2
louças,2
luademel,2
luiz,2
luxúria,2
macérrimo,2
macumbeira,2
madre,2
mãedesanto,2
mães,2
magistrado,2
mágoa,2
magote,2
maltrapilho,2
mamãe,2
mando,2
maneiras,2
manguaça,2
mania,2
manicômio,2
mantra,2
mãozinha,2
máquina,2
maravilhoso,2
maravilhouse,2
marca,2
mariamaluca,2
mariquinha,2
marmeleiro,2
maroto,2
matálo,2
mate,2
matéria,2
matos,2
matouo,2
matrimônio,2
me,2
médicas,2
medicina,2
mediocridade,2
medos,2
medroso,2
meias,2
melada,2
melancia,2
melãocaetano,2
memento,2
meninice,2
menininha,2
mente,2
mentes,2
mentiroso,2
mercadoria,2
metais,2
metálica,2
metro,2
metrô,2
miar,2
milagres,2
milagroso,2
milênios,2
milharal,2
misérias,2
mistura,2
moças,2
moçoila,2
moços,2
moderno,2
moedas,2
moldura,2
mole,2
momentos,2
monstros,2
montanhas,2
monumentos,2
morena,2
mormaço,2
mororó,2
morre,2
morrer,2
mortandade,2
mostra,2
moto,2
motos,2
mudanças,2
mudez,2
mulherengo,2
mundana,2
muriçocas,2
murmúrios,2
museu,2
mutambeiras,2
nãoseioquê,2
navalha,2
necessário,2
necessidades,2
nefasta,2
negociação,2
nervosos,2
neta,2
neto,2
netos,2
ninrode,2
nobres,2
noção,2
noitadas,2
noitinha,2
nomes,2
normal,2
notícias,2
novela,2
novena,2
novilha,2
novinhas,2
nus,2
odores,2
ofertas,2
ofertório,2
oficial,2
olhada,2
olhei,2
olheiras,2
ombros,2
onofre,2
opaca,2
opaco,2
opacos,2
origem,2
original,2
orly,2
ousadia,2
outrora,2
ouvemse,2
ouvi,2
ovo,2
pacata,2
pacato,2
pacto,2
pactos,2
paidesanto,2
paisagem,2
países,2
paixões,2
paletós,2
palha,2
palhas,2
palhinha,2
palidez,2
panela,2
panelada,2
panfleto,2
papagaio,2
papai,2
papudim,2
parado,2
parados,2
parcimônia,2
parteira,2
partes,2
particularidades,2
partiu,2
parto,2
pasmo,2
passageira,2
passarinhos,2
patrão,2
pauta,2
peidão,2
peleja,2
pelúsio,2
pena,2
penosa,2
penumbra,2
perfil,2
perigo,2
permissão,2
personalidade,2
perturbador,2
perverso,2
pesada,2
pescador,2
péssimos,2
piedade,2
pierre,2
pinga,2
pintura,2
piqueniques,2
pistola,2
pitonisa,2
plantação,2
poço,2
pode,2
podre,2
poe,2
poemas,2
políticas,2
pólvora,2
pontas,2
pôr,2
pôrdosol,2
porra,2
portador,2
porteira,2
pórtico,2
posse,2
possibilidade,2
postes,2
posto,2
potestades,2
pousa,2
pouso,2
praças,2
praguejador,2
prantos,2
pratos,2
prazer,2
prazeres,2
precioso,2
predileção,2
preocupação,2
preocupado,2
presentes,2
presepada,2
presságio,2
pressão,2
pretas,2
pretendentes,2
prisão,2
privado,2
prodígio,2
professores,2
profundas,2
programas,2
promessa,2
proposta,2
própria,2
prostitutas,2
prostrouse,2
proteção,2
provável,2
provérbios,2
província,2
proximidade,2
prumo,2
públicos,2
putaria,2
putas,2
puto,2
puxa,2
quanto,2
quartinha,2
que,2
queijo,2
queimaduras,2
querosene,2
querubim,2
quieto,2
quilombolas,2
quilômetros,2
quintos,2
quitanda,2
rádios,2
rái,2
raiz,2
raízes,2
ranhuras,2
rapariga,2
rápida,2
rasas,2
rastilho,2
realizouse,2
recinto,2
recomendações,2
recôndito,2
recônditos,2
recorrente,2
recursos,2
redondezas,2
refeição,2
reféns,2
reflexo,2
reino,2
relação,2
religiosos,2
relógios,2
repetitivos,2
réplica,2
reprovação,2
repugnância,2
repugnante,2
reputação,2
respostas,2
retiro,2
retorno,2
ribombar,2
ricos,2
roberto,2
rodeálo,2
romance,2
romildo,2
roncos,2
ruído,2
ruína,2
ruins,2
rumores,2
sábados,2
saber,2
sacerdócio,2
sacos,2
sacristia,2
sagrado,2
sai,2
saída,2
sal,2
saliva,2
salteado,2
santas,2
sarnento,2
saudade,2
saudável,2
se,2
séculos,2
seda,2
seguia,2
seios,2
seminaristas,2
senão,2
senti,2
sentiase,2
sentimental,2
sentiuse,2
sepultamento,2
sequência,2
séquito,2
serelepe,2
serenidade,2
séria,2
serpentes,2
sertões,2
serviçal,2
servidores,2
sessão,2
sextasfeiras,2
sexual,2
shakespeare,2
sigilo,2
silêncios,2
silva,2
silvos,2
simbora,2
simpatia,2
síndrome,2
sinhá,2
sinhora,2
sinistro,2
sinto,2
sirenes,2
sítio,2
siuguinte,2
sobrados,2
sobras,2
social,2
socorro,2
sofrimento,2
solitárias,2
solitário,2
solitários,2
sórdidas,2
soro,2
sorrisos,2
soturno,2
suficiente,2
sufocantes,2
suicídio,2
suja,2
sul,2
sumida,2
superiores,2
suposições,2
suposto,2
suprema,2
surpreendentes,2
surreal,2
suspense,2
tabela,2
taça,2
taças,2
tacho,2
taciturna,2
tadinha,2
tal,2
tamboretes,2
tão,2
tardia,2
têlo,2
temeroso,2
temível,2
tempestade,2
temporada,2
tempus,2
tenebroso,2
tenho,2
tentador,2
tênue,2
terceira,2
terços,2
termos,2
terno,2
terreno,2
testemunhas,2
teto,2
ti,2
tião,2
tijubana,2
tilintar,2
timidez,2
tintim,2
típico,2
tipos,2
tiquetaque,2
tiragosto,2
tiririca,2
tiros,2
toa,2
toca,2
toda,2
tome,2
tontura,2
topônimo,2
toque,2
toques,2
tornozelos,2
torrencial,2
torturandoos,2
touro,2
tragicômica,2
trajeto,2
trancoso,2
transe,2
transeuntes,2
translúcidos,2
transparente,2
transparentes,2
transporte,2
tratamento,2
travessura,2
tricô,2
trigésimo,2
trindades,2
tristes,2
troça,2
troco,2
trôpego,2
tubos,2
túmulo,2
tussa,2
tv,2
ufológico,2
últimas,2
umbrais,2
umbral,2
uníssono,2
urbano,2
urgente,2
urgentíssimo,2
vã,2
vagalumes,2
valdeci,2
varal,2
varredor,2
vassoura,2
vazias,2
vazios,2
veio,2
vejo,2
velhinhas,2
vêlo,2
velocidade,2
ventre,2
verdeazul,2
verduras,2
veremos,2
vergalhão,2
verso,2
vertigem,2
vertigens,2
vespertina,2
veste,2
vestes,2
vestidos,2
veterinário,2
vexame,2
vi,2
viagens,2
vidraça,2
vidros,2
viera,2
vigília,2
vigílias,2
vila,2
violentas,2
viva,2
vivos,2
voltas,2
vômitos,2
zeloso,2
zombarias,2
zumbido,2
zumbis,2
abacateiro,1
abandono,1
abarrotada,1
abastado,1
abatedor,1
abaxô,1
abençoe,1
aberto,1
abjeta,1
abocanhoua,1
aboios,1
abolição,1
abolicionista,1
abolicionistas,1
abordálo,1
abortivas,1
abra,1
abria,1
abrigo,1
abril,1
abriua,1
absinto,1
absurda,1
absurdas,1
absurdos,1
abufelar,1
abundantes,1
abusador,1
abusadores,1
abusos,1
acabouse,1
academicismo,1
acádia,1
acadiana,1
acadiano,1
acádio,1
acamado,1
acampamento,1
acaso,1
acauã,1
aceitável,1
acejiano,1
acendiamse,1
acentuado,1
acervo,1
acesa,1
aceso,1
acessos,1
acharte,1
acidental,1
ações,1
açoite,1
acolhedor,1
acompanha,1
acompanhálo,1
aconchego,1
acordarnos,1
acordase,1
açougue,1
açougues,1
acrescento,1
açúcar,1
adivinhos,1
adoecia,1
adoecidas,1
adoentado,1
adolescentes,1
adormecido,1
adulação,1
adultério,1
adversários,1
adversidades,1
adverso,1
advertialhe,1
advertido,1
advertindoo,1
aéreo,1
aeronave,1
afago,1
afagos,1
afastandose,1
afeto,1
afiada,1
afinco,1
afinidade,1
aflige,1
aflitos,1
afobada,1
afogado,1
afoita,1
afrancesamento,1
africana,1
afro,1
afroasiática,1
agamenon,1
agarradinhos,1
agarrandoo,1
agarroua,1
ágata,1
ágate,1
agnóstico,1
agoniada,1
agonizante,1
agorinha,1
agostinho,1
agourento,1
agradáveis,1
agradável,1
agressividade,1
agricultor,1
agridoce,1
aguardasse,1
aguda,1
aguenta,1
aguerrido,1
aguinha,1
agulha,1
ah,1
ai,1
aires,1
ajeitouse,1
ajoelhouse,1
ajudálo,1
akkad299tum,1
alabastro,1
albinos,1
alcançar,1
alcoólica,1
alcovas,1
alcunha,1
aldrava,1
alegre,1
alegres,1
aleluia,1
alemanha,1
algemava,1
algibeira,1
algodoeiro,1
alheios,1
alicate,1
alicates,1
alicerces,1
alimento,1
alimentos,1
allan,1
alongandose,1
alongarse,1
alpendres,1
alpina,1
alquilador,1
alterius,1
altiva,1
altivez,1
alucinado,1
aluno,1
alunos,1
alvo,1
amancebandose,1
amareladas,1
amarelados,1
amarelidão,1
amargo,1
amargoso,1
amarrar,1
amarrotados,1
amarte,1
ambulatorial,1
ambulatório,1
ambulatórios,1
ameaça,1
ameaçador,1
ameite,1
amélia,1
ameno,1
americano,1
amiga,1
amistoso,1
amizades,1
amnésia,1
amônia,1
amontada,1
amores,1
amparo,1
ampla,1
amy,1
anacondas,1
analgésico,1
anatômica,1
anchas,1
andano,1
andares,1
andorinhas,1
andrajosa,1
andreta,1
anedota,1
anestesista,1
aneurisma,1
anfitrião,1
angicopreto,1
angustiada,1
angustiadas,1
angustiantes,1
angustiosa,1
anhanguera,1
animalidade,1
aniversário,1
anjos,1
anoitecia,1
anônimas,1
anormal,1
ansiedade,1
ansiosa,1
ansioso,1
anta,1
anteriores,1
antesala,1
anticristo,1
antonios,1
anum,1
anúncio,1
apareceu,1
aparelhos,1
aparente,1
apartamentos,1
apática,1
apavorado,1
apedrejado,1
apego,1
apelido,1
apelidos,1
aperitivos,1
apertandoa,1
apertos,1
apetitoso,1
apito,1
apoio,1
aporrinhações,1
apostas,1
apreensões,1
aprovação,1
aproveitouse,1
aproximouse,1
aqui,1
aquilo,1
aracati,1
aracnídeo,1
aranha,1
arbustos,1
arcanjos,1
ardil,1
areal,1
arenaríola,1
arengas,1
arenoso,1
ares,1
armação,1
armazenagem,1
arnópio,1
arpões,1
arqueológica,1
arquivo,1
arrancandolhes,1
arrastálo,1
arrastouse,1
arrebatado,1
arrebatadoras,1
arrebentação,1
arrepiado,1
arrepiante,1
arrepios,1
arretôse,1
arriscoso,1
arrogante,1
arrojo,1
arrombamento,1
arroto,1
arroz,1
arrulhos,1
arrupiados,1
arsênico,1
artifício,1
artilharia,1
artimanha,1
artista,1
artística,1
arvoredo,1
ascendia,1
ascensorista,1
ascetismo,1
aspereza,1
áspero,1
ásperos,1
assado,1
assaltantes,1
assalto,1
assanhada,1
assédio,1
assentia,1
assíduo,1
assírios,1
assirobabilônio,1
assobio,1
assombrosas,1
assovios,1
assucedido,1
assustadíssimo,1
astúcia,1
astuto,1
atacado,1
atado,1
atarefadas,1
ateísta,1
atemorizado,1
atendeu,1
atendimento,1
atentado,1
atento,1
ateremse,1
aterrorizado,1
aterrorizante,1
atingíveis,1
átomo,1
atônita,1
atormentador,1
atos,1
atrapalhado,1
atrasado,1
atrasados,1
atrevida,1
atrevido,1
atrevimento,1
atribulado,1
atriz,1
atrocidade,1
atrozes,1
audição,1
augúrios,1
augusto,1
áulicos,1
aumentousenos,1
aura,1
áurea,1
áureos,1
ausente,1
autodidata,1
autorais,1
autorização,1
auxiliálo,1
aventuras,1
avexe,1
ávidas,1
aviões,1
avistamse,1
avós,1
azáfamas,1
azarentos,1
azeda,1
azedume,1
azevedo,1
aziago,1
azinhavre,1
azulado,1
azulejos,1
baal,1
babão,1
babilônico,1
babilônios,1
bacalhau,1
bacamarte,1
bacanais,1
badalenas,1
bagulho,1
bailes,1
baileys,1
bailezinho,1
bairro,1
baita,1
baixada,1
baixálas,1
bajuladores,1
balangandãs,1
balbúrdia,1
balengotengo,1
bambas,1
bananeira,1
bananeiras,1
bancárias,1
bandeirinhas,1
bandidagem,1
bandido,1
bandidos,1
bandoleiros,1
banheiros,1
baquettte,1
baranga,1
baratinhas,1
bárbaras,1
bárbaro,1
barítono,1
barqueiro,1
barquinhos,1
barrão,1
barraquinha,1
barrenta,1
barril,1
barroso,1
baseouse,1
bateboca,1
bateria,1
baterias,1
batido,1
batizado,1
baudelaire,1
baunilha,1
baús,1
bazz,1
beatas,1
bebedeira,1
bebendo,1
bebido,1
bebo,1
bêbo,1
beco,1
bedelho,1
beijaflores,1
beijando,1
beijim,1
beirais,1
belas,1
belchiorvivia,1
beldade,1
belle,1
belzebu,1
bemeducado,1
bemfeitor,1
bemnascidos,1
bemol,1
bemtevi,1
bênçãos,1
bendita,1
bengala,1
benzeuse,1
bêra,1
bernardo,1
betesda,1
betôvens,1
bezerra,1
bezerro,1
bíblias,1
bíblicas,1
biblioteca,1
bichano,1
bigodes,1
biltre,1
biógrafo,1
birô,1
bisavô,1
biscoito,1
biscoitos,1
bispos,1
bixiga,1
bizarra,1
blasfêmia,1
bloco,1
blocos,1
blog,1
blogs,1
boazuda,1
bob,1
bobagens,1
bobeira,1
bocadefumo,1
bocado,1
bocejo,1
bodão,1
bodegas,1
boemia,1
bofes,1
boga,1
boiada,1
bois,1
bolachas,1
bolsa,1
bomba,1
bombardeio,1
bombas,1
boneca,1
bonitão,1
bonitas,1
bonitezas,1
bonitos,1
boquinha,1
bora,1
borboleta,1
borda,1
bordas,1
bordel,1
bordo,1
borges,1
borracha,1
boston,1
botar,1
botasse,1
botava,1
botelho,1
botequins,1
boto,1
boutiques,1
brandão,1
branquinha,1
branquinho,1
brasileira,1
brasileiras,1
bravateiro,1
brazil,1
brecha,1
brejal,1
brenha,1
briga,1
brilhantes,1
brincalhona,1
brinde,1
brindes,1
brinquedinhos,1
britânica,1
broas,1
broche,1
bromélias,1
brotações,1
bruaca,1
bruacas,1
bruguelo,1
brusco,1
bruteza,1
bruxedos,1
buceta,1
buchão,1
bucólico,1
buda,1
buenos,1
bufão,1
bulas,1
bulbo,1
bule,1
buliçosas,1
buliçosos,1
bull,1
buquês,1
buraco,1
burocratas,1
burocráticos,1
burra,1
burreguim,1
buscálo,1
buscálos,1
busco,1
bussshho,1
buzinas,1
cabacinha,1
cabalas,1
cabeceira,1
cabeleireiro,1
cabine,1
cabôca,1
caboco,1
cabreira,1
cabritim,1
cabritinhos,1
cabrito,1
caburé,1
caça,1
caçapa,1
caçar,1
cachaçada,1
cachaceiro,1
cachaceiros,1
cachacinha,1
cacheado,1
cachimbeira,1
cachimbos,1
cachorrinhos,1
cacto,1
caçuá,1
cadavérico,1
cadê,1
cadeias,1
cadela,1
caderno,1
cafés,1
cafetões,1
cafezim,1
cafundós,1
cagando,1
caganeira,1
caganeiras,1
cair,1
cais,1
caixotes,1
caju,1
cajueiro,1
caladinho,1
calado,1
calazar,1
calça,1
caldo,1
calelos,1
calendários,1
cálice,1
calmas,1
calmo,1
calorentos,1
calóricos,1
calúnia,1
camada,1
camarada,1
camas,1
cambitos,1
cambraia,1
câmera,1
camilo,1
caminhão,1
caminhãozinho,1
caminheiro,1
camomila,1
campa,1
camponeses,1
camurupim,1
canaletto,1
canalhada,1
canalhice,1
cancela,1
canções,1
candidato,1
candura,1
caneca,1
canelas,1
cangaceiros,1
cangaço,1
cano,1
canonici,1
canópico,1
cansada,1
cansadinha,1
canta,1
cântaros,1
cânticos,1
cantilena,1
cantinho,1
cantor,1
cantores,1
cantoria,1
cantorias,1
caótica,1
capa,1
capacidade,1
capangas,1
capitalista,1
capítulo,1
capotes,1
capricho,1
caprichos,1
caprinas,1
caprino,1
captálo,1
capuchinhos,1
caracteres,1
caranguejo,1
caráter,1
carbono,1
cárcere,1
cardíaco,1
carecia,1
cargo,1
carícias,1
caridosa,1
carismática,1
caritó,1
carmosinha,1
carnal,1
carnaubeira,1
carnavais,1
carniça,1
carniceiro,1
carnívora,1
carolina,1
carpelo,1
carrara,1
carrasco,1
carregado,1
carroça,1
cartapácio,1
cartazes,1
carteado,1
carteira,1
casacadecouro,1
casaco,1
casaramse,1
casasse,1
cascalhos,1
cascas,1
cascata,1
cascudo,1
casebre,1
casinhas,1
casta,1
castigado,1
castigos,1
casulo,1
catalepsia,1
cataléptico,1
catálogo,1
catálogos,1
catálos,1
catarrenta,1
catastróficas,1
catatônico,1
catinga,1
cativa,1
cativo,1
caule,1
causandome,1
causas,1
causos,1
causticante,1
cavalos,1
caveira,1
caveirosas,1
cavilação,1
cê,1
cearenses,1
ceda,1
cegos,1
cela,1
celeiros,1
celestiais,1
célula,1
cemitérios,1
cenário,1
centavo,1
centrais,1
cera,1
cercas,1
cerejeiras,1
cerimonioso,1
cervejas,1
cesta,1
cestrum,1
ceticismo,1
chaga,1
chamálo,1
chamares,1
chamaro,1
chamavase,1
chaminé,1
chances,1
chapeu,1
charme,1
charuto,1
chateada,1
chato,1
chávena,1
checho,1
chegara,1
chegaro,1
cheguemo,1
chêi,1
cheinha,1
cheinhos,1
chicotadas,1
chicote,1
chileno,1
chilreios,1
chilro,1
chilros,1
chinela,1
ching,1
chique,1
chiqueirador,1
chiquerador,1
choque,1
chorinho,1
chorosos,1
churrasco,1
churrasquinho,1
chuveiro,1
chuvosas,1
chuvoso,1
cicatrizes,1
cíco,1
ciente,1
cigano,1
ciganos,1
cigarros,1
cimento,1
cinema,1
cingiramse,1
cintilante,1
cinzento,1
cioso,1
circulação,1
circulares,1
circunspecto,1
circunstâncias,1
circunvizinhas,1
cirúrgicas,1
cismas,1
ciumento,1
civilizados,1
clareza,1
claridade,1
claros,1
classificados,1
clavículas,1
clérigo,1
clérigos,1
clientela,1
clientes,1
clínicas,1
clone,1
coalho,1
coaxar,1
cobertas,1
cobertura,1
cobiças,1
cobras,1
cobreiro,1
coca,1
cocada,1
cochichado,1
codex,1
código,1
coelho,1
coice,1
coisinhas,1
coitado,1
colarinho,1
coleção,1
colecionadores,1
colega,1
colégio,1
coletânea,1
coletiva,1
colocado,1
colocála,1
coloco,1
colocouse,1
colombiano,1
coloquei,1
colossais,1
com,1
comandante,1
comecome,1
comentários,1
comentava,1
comer,1
comerciante,1
cômica,1
comichão,1
comício,1
comidas,1
comilanças,1
comilão,1
comiseração,1
como,1
comoção,1
comovente,1
compactuo,1
compaixão,1
companheiros,1
company,1
comparação,1
competente,1
complexo,1
complicação,1
comportamental,1
comportamentos,1
compostura,1
compra,1
compreensão,1
compreensível,1
compromisso,1
comunidade,1
conceituadas,1
concerto,1
concha,1
conchavo,1
conchavos,1
conclave,1
concupiscências,1
concursado,1
condenados,1
condição,1
condicionado,1
condomínio,1
condução,1
conexão,1
confetes,1
confidência,1
confidências,1
confidencioume,1
confissão,1
confortanos,1
confortáveis,1
conforto,1
confraternização,1
confronteio,1
confronto,1
confundiase,1
confusa,1
confusas,1
confuso,1
congressos,1
conhecedores,1
conhecer,1
conhecia,1
conheço,1
cônscio,1
conseguilo,1
conselheiro,1
conselho,1
conselhos,1
consequencias,1
consideração,1
consórcio,1
conspiracionistas,1
conspiratório,1
constelações,1
constrangimentos,1
construtores,1
consumado,1
contábeis,1
contação,1
contador,1
contadores,1
contagem,1
contanos,1
contavanos,1
contemplandoo,1
contente,1
contestação,1
conteúdo,1
contigo,1
contíguo,1
continente,1
contista,1
contorcemse,1
contorceuse,1
contorciase,1
contoume,1
contouse,1
contovos,1
contrária,1
contrariado,1
contrato,1
controle,1
convenção,1
convencionais,1
convenções,1
converseiro,1
convescotes,1
convicto,1
convidandonos,1
convidandoo,1
convivas,1
convulsão,1
copas,1
cópia,1
copodeleite,1
coqueiros,1
corado,1
cordas,1
corderosa,1
cordial,1
cordilhera,1
coretos,1
córneas,1
cornochurrasco,1
corocas,1
coroneis,1
coronelismo,1
coronelzinho,1
corpus,1
corredores,1
correndo,1
correria,1
correrlhes,1
correspondência,1
correspondente,1
corriqueiras,1
corrupção,1
corruptela,1
corrupto,1
corruptos,1
cortejála,1
cortejo,1
cortesia,1
cortina,1
corvo,1
cós,1
costelas,1
costumeiro,1
cotinha,1
coucher,1
couros,1
cova,1
covarde,1
cramulhão,1
cratera,1
crateras,1
crédito,1
credível,1
crença,1
crepúsculo,1
crescidos,1
creswicke,1
creverunt,1
criado,1
criadomudo,1
criativas,1
criaturinha,1
crimes,1
criminosa,1
crioulo,1
crisafulli,1
cristandade,1
crítica,1
críticas,1
crueldades,1
crupe,1
cruzamento,1
cruzes,1
cueca,1
cuecas,1
cuias,1
cuidar,1
cujo,1
cultura,1
culturais,1
cumade,1
cumé,1
cumê,1
cumedozim,1
cumpridos,1
cumprimentálo,1
cumprimentos,1
cúmulos,1
cuneiforme,1
cupidez,1
currais,1
curral,1
curriola,1
curta,1
curtas,1
curumin,1
curvavamse,1
cuscuzeira,1
cutelo,1
dádiva,1
dadivosa,1
dakota,1
danos,1
dante,1
dantès,1
dantesca,1
dantesco,1
dar,1
dasdô,1
de,1
debaixo,1
debruçouse,1
decapitandoos,1
decepção,1
decepcionouse,1
decha,1
dechas,1
decidido,1
décimo,1
decomposição,1
decoração,1
decorrente,1
decretos,1
déda,1
dedicação,1
dedicados,1
defesa,1
deficientes,1
degradante,1
deitálo,1
deixa,1
deixaa,1
delamare,1
delegacias,1
delegado,1
delgados,1
deliberações,1
delicadeza,1
delícias,1
deliciosas,1
delicioso,1
delirando,1
delírio,1
delito,1
delitos,1
delmiro,1
demente,1
demoníaca,1
demoníacas,1
demoníacos,1
demorô,1
dendomato,1
densa,1
dentaduras,1
denúncias,1
depareime,1
departamento,1
dependuradas,1
dependurado,1
deplorável,1
depredações,1
depressivas,1
dereita,1
deriva,1
derradeiros,1
derrame,1
derredor,1
desabalada,1
desafiador,1
desafiála,1
desafio,1
desafortunados,1
desagradáveis,1
desagravo,1
desalmado,1
desaparecimento,1
desarranjo,1
desassossego,1
desavenças,1
desavergonhado,1
desavisados,1
descamba,1
descarrego,1
descendência,1
descobrirás,1
desconfiado,1
desconfiar,1
desconsolado,1
descontente,1
descrentes,1
descrito,1
descuido,1
descuidouse,1
desculpe,1
desdentada,1
desenha,1
desenhista,1
desenrolálo,1
desentedimento,1
desentupidor,1
desenvoltura,1
desfaçatez,1
desfalque,1
desfaziase,1
desfeita,1
desfezse,1
desgostosa,1
desgraçada,1
desgraceira,1
desígnio,1
desígnios,1
desilusão,1
desinfetante,1
deslumbrantes,1
desmaia,1
desmantelo,1
desmascarála,1
desmontálo,1
desobediência,1
desobediente,1
desocupado,1
desolada,1
despedida,1
despeito,1
despensa,1
despertar,1
despertarme,1
despertounos,1
despesa,1
desplante,1
despretensioso,1
desprezíveis,1
despudorada,1
despudorados,1
destacavase,1
destinatário,1
destoante,1
destroço,1
destroços,1
destruidor,1
desvarios,1
desvencilhandose,1
desvencilharse,1
desvencilhouse,1
desventura,1
detalhezinho,1
detêlo,1
determinação,1
deu,1
deusa,1
deussol,1
devaneios,1
devassidão,1
devastadoras,1
dever,1
devoção,1
devolução,1
devolvidas,1
devorálos,1
devoto,1
dêxe,1
dezessete,1
diabéisso,1
diabólica,1
diabólicas,1
diabos,1
diachos,1
diáconos,1
diáfana,1
diário,1
diarréia,1
dicas,1
dice,1
didanosina,1
die,1
diencéfalo,1
diesel,1
dieta,1
diferença,1
dificilo,1
difruço,1
diga,1
dígito,1
digna,1
dilacera,1
diminuta,1
dinamarquês,1
dinamite,1
dinheiros,1
dion,1
diplomatas,1
direita,1
direitinho,1
direitos,1
direta,1
dirigem,1
dirigiramse,1
disciplina,1
discoavuadô,1
discos,1
discreta,1
discreto,1
discurso,1
discussão,1
discutia,1
disfônica,1
disforme,1
disformes,1
disgraceira,1
disparates,1
displicente,1
dispostas,1
disputas,1
disseme,1
dissemedisse,1
dissestes,1
distritos,1
ditado,1
ditas,1
dite,1
diuturna,1
divergências,1
divertida,1
divertimento,1
divertindose,1
divino,1
dixe,1
dizer,1
dizerimportante,1
dizinfeliz,1
doação,1
dobrado,1
dobro,1
doçura,1
doenças,1
doentes,1
doidos,1
doloroso,1
doloso,1
domésticos,1
domina,1
dominação,1
domínio,1
dons,1
dora,1
dorinha,1
dorme,1
dormem,1
dormências,1
dormias,1
dosadora,1
dose,1
dotôzim,1
douradas,1
doutores,1
doutrina,1
doutrinas,1
dramática,1
droga,1
drogas,1
duarte,1
dunas,1
dunlap,1
duntaxat,1
duodecim,1
dutos,1
duvida,1
duvidosas,1
east,1
ébrio,1
eclesiastes,1
econômica,1
edição,1
edifícios,1
editora,1
ednardo,1
efavirenz,1
efeito,1
efemeridade,1
efêmeros,1
efígie,1
efusivos,1
egípcia,1
egito,1
eiffel,1
elegante,1
elegantes,1
eleição,1
elevador,1
elite,1
elogios,1
eloquencia,1
eloquência,1
eloquente,1
emaranhado,1
embaraços,1
emboscada,1
embriagandose,1
embriagouse,1
embriaguês,1
emergência,1
eminência,1
emocionais,1
emocional,1
emoções,1
empachamento,1
empáfia,1
empanturravamse,1
empecilho,1
empecilhos,1
empreendimentos,1
empregados,1
emprego,1
empregos,1
empresarial,1
empurrálo,1
empurrandoo,1
emudecida,1
encalço,1
encantada,1
encantados,1
encéfalo,1
encerrandose,1
enchêla,1
enchia,1
encoberto,1
encolhido,1
encontrálos,1
encontrarse,1
encontrase,1
encontros,1
encosto,1
encurvada,1
endireitadas,1
enduros,1
enésima,1
enfermaria,1
enforcado,1
enfunado,1
engana,1
enganador,1
enganadores,1
enganados,1
enganar,1
enganosas,1
enganouse,1
engasgagato,1
engenho,1
engolia,1
engorda,1
engraçado,1
enigma,1
enigmáticos,1
enjoado,1
enlouquecido,1
enlutado,1
enrolar,1
enseada,1
ensino,1
entende,1
entender,1
entendia,1
entendiamse,1
entendido,1
enterra,1
entidades,1
entonce,1
entregála,1
entretido,1
entupetado,1
entupida,1
envelope,1
enveredouse,1
envergonhouse,1
enxada,1
enxofre,1
epaminondas,1
epilética,1
epilético,1
episcopais,1
equidistante,1
equilíbrio,1
era,1
ermos,1
errada,1
errantes,1
erros,1
eruditas,1
eruditos,1
ervas,1
es,1
esbaforido,1
esbelta,1
esbranquiçado,1
escaldante,1
escampado,1
escândalo,1
escandalosa,1
escapulários,1
escarnecedor,1
escárnio,1
escassa,1
escleral,1
escolha,1
escondendose,1
escondiase,1
escopolamina,1
escoriações,1
escrava,1
escravo,1
escravocrata,1
escrevo,1
escrita,1
escritores,1
escritórios,1
escrotal,1
esculápio,1
esculhambação,1
escultor,1
escurecer,1
escuta,1
esdrúxulo,1
esfôço,1
esfregandoo,1
esgueiravamse,1
esgueirouse,1
esmero,1
esmirna,1
esmola,1
esnobes,1
espaços,1
espaçosa,1
espada,1
espadas,1
espalhada,1
espalhandoos,1
espanha,1
espantado,1
espasmódico,1
especialista,1
especiarias,1
específico,1
específicos,1
esperálo,1
esperançosas,1
esperançosos,1
esperteza,1
esperto,1
espertos,1
espesso,1
espetavaos,1
espicaçada,1
espigas,1
espinheira,1
espinho,1
espirais,1
espirituais,1
esportes,1
esposo,1
espumantes,1
esquálido,1
esqueceuas,1
esquecidas,1
esquecidos,1
esquelética,1
esqueleto,1
esquema,1
esquerdo,1
esquife,1
est,1
estábulos,1
estacas,1
estadual,1
estante,1
estapafúrdias,1
estardalhaço,1
estardalhaços,1
estarrecida,1
estarrecido,1
estasiado,1
estática,1
estatueta,1
estavudina,1
estendida,1
estendido,1
estéril,1
estertores,1
estevão,1
estilhaços,1
estilo,1
estima,1
estimação,1
estiravamse,1
estive,1
estivera,1
estopa,1
estragado,1
estrangeiros,1
estrangulados,1
estranhos,1
estrebuchava,1
estreitouse,1
estribado,1
estrondosa,1
estropiado,1
estrume,1
estruturas,1
estudante,1
estudasse,1
estúdio,1
estudioso,1
estudo,1
estufase,1
estultícia,1
estupefação,1
estupefatos,1
estupidez,1
etapas,1
éticas,1
etiqueta,1
etravirina,1
eufórica,1
eufóricas,1
europas,1
europeu,1
evangelhos,1
evangelização,1
evasivas,1
eventuais,1
evidente,1
evoca,1
evolução,1
exagero,1
exaltandose,1
examinasse,1
exasperadas,1
exaustão,1
excelência,1
excelsior,1
excêntrico,1
excepcional,1
excessiva,1
excomunhão,1
exercício,1
exércitos,1
exímios,1
existe,1
experiente,1
experimentálo,1
explicado,1
explorador,1
expulsandoo,1
exsudativa,1
extensão,1
extenuado,1
extenuante,1
extra,1
extraconjugal,1
extraordinário,1
extrema,1
exuberante,1
fã,1
façanha,1
facas,1
faceiro,1
facilidade,1
faço,1
fada,1
fagueiros,1
fagulhas,1
faiscante,1
faixa,1
faixas,1
fala,1
falar,1
falastrões,1
falatórios,1
falaz,1
falência,1
falésias,1
falha,1
faloume,1
falsa,1
famélica,1
familiar,1
faminta,1
famintos,1
fantasia,1
fantasiosas,1
fantasmagóricas,1
fantasmagóricos,1
farelo,1
farofa,1
farol,1
farras,1
farta,1
farto,1
fartos,1
fatídicas,1
fatídicos,1
fatos,1
fausto,1
favod,1
faxina,1
faz,1
fazedor,1
fazendeiro,1
fazendoo,1
faziase,1
fazse,1
febris,1
fechada,1
fechadura,1
fecundo,1
fedentina,1
fedido,1
feias,1
fêicibuque,1
feios,1
feioso,1
feitiçaria,1
feitiços,1
feiura,1
fel,1
fela,1
féla,1
felação,1
féladaputa,1
felicidade,1
felicíssimo,1
felizanonovo,1
felizes,1
fenomenais,1
fenomenal,1
fenômeno,1
feriado,1
ferida,1
feridas,1
ferilos,1
fermento,1
ferrador,1
ferrenho,1
fervorosa,1
fervorosas,1
fervoroso,1
festejos,1
festival,1
fetichismo,1
fétido,1
fetinga,1
fevereiro,1
fez,1
ffffabuloda,1
ficano,1
ficaro,1
fichas,1
fidumaégua,1
fiel,1
figa,1
figadal,1
figueiras,1
figuras,1
filhas,1
filosófica,1
fina,1
finalidade,1
finalmentes,1
financeiras,1
fincouse,1
fineza,1
fino,1
fiquemo,1
firme,1
firmeza,1
fiscais,1
física,1
físicos,1
fitálo,1
fitares,1
fixa,1
fixas,1
fixos,1
fizero,1
flagelado,1
flagrados,1
flandres,1
flor,1
flora,1
florido,1
fod,1
fofoca,1
fofocas,1
fofoqueiro,1
fogos,1
fogosa,1
fogoso,1
fogueiras,1
foguete,1
foise,1
folgazão,1
folhagem,1
folharal,1
foliões,1
foliona,1
fonciona,1
fônico,1
fontes,1
fórceps,1
ford,1
forenses,1
formados,1
formas,1
formato,1
formigueiro,1
formosa,1
formosura,1
fornalha,1
forno,1
forquilha,1
fortificações,1
fortuitos,1
fortunas,1
fosse,1
foste,1
fotografia,1
fotolito,1
frágil,1
fragrância,1
fragrante,1
frahm,1
francesas,1
franceses,1
francesinha,1
franciscana,1
frankfurt,1
franzino,1
franzinos,1
franzir,1
frases,1
fraude,1
freira,1
freitas,1
frenético,1
frenéticos,1
frequentador,1
frequentes,1
fresca,1
fresta,1
frestas,1
fritz,1
fronte,1
frouxa,1
frutinhos,1
fruto,1
fuampa,1
fuampas,1
fuças,1
fugidios,1
fujões,1
fulerage,1
fúlgido,1
fulminandoo,1
fulminantes,1
fumacinha,1
fumegantes,1
função,1
funciona,1
funcional,1
funcionários,1
fundação,1
fundado,1
fundamental,1
fundição,1
funérea,1
funesta,1
furnas,1
furtacor,1
fute,1
fútil,1
futuro,1
fuxico,1
gaiteira,1
gajjja,1
galã,1
galeão,1
galho,1
galhofa,1
galley,1
galope,1
gambá,1
ganho,1
garantida,1
garcia,1
garfo,1
garfos,1
gargalhadas,1
gargantas,1
garotas,1
garotinha,1
garrotes,1
gasolina,1
gastar,1
gastos,1
gatinhos,1
gatos,1
gaveta,1
gazo,1
geladíssima,1
geleia,1
gelo,1
geme,1
gemer,1
gemi,1
generalizada,1
generosas,1
generoso,1
gengibre,1
gênio,1
genitores,1
gerente,1
germano,1
gertrudes,1
gesso,1
gibão,1
gigantesca,1
gigantescas,1
ginecológicos,1
girassóis,1
girassol,1
globo,1
glutões,1
godofredo,1
goela,1
goiaba,1
goiabas,1
gold,1
golinho,1
golpes,1
goma,1
gonzos,1
gordinhos,1
gorducho,1
gordurosa,1
gorgolejos,1
gosma,1
gosmenta,1
gosta,1
gostosa,1
gostosas,1
gostosos,1
goteiras,1
gotejar,1
gotículas,1
gounod,1
gouveia,1
governos,1
graças,1
grama,1
grandalhão,1
grãos,1
grãozim,1
gravata,1
gravíssima,1
grecoromano,1
grego,1
gregor,1
gregorianos,1
gregório,1
greve,1
grigory,1
grilos,1
grimm,1
gringo,1
grisalho,1
gritante,1
grogue,1
grron,1
guaramiranga,1
guarani,1
guardachuvas,1
guiasse,1
guiedo,1
guiero,1
guilherme,1
guinchos,1
guloso,1
gustavo,1
habeas,1
habitantes,1
habitual,1
hagiografia,1
hagiologia,1
hagiólogo,1
hálitos,1
heathcliff,1
hebraicas,1
hematomas,1
henry,1
herdara,1
herege,1
heresia,1
herético,1
herman,1
hermenêutica,1
hermes,1
hesíodo,1
higiene,1
higiênico,1
hilário,1
hindi,1
hino,1
hipócrita,1
hipótese,1
histeria,1
histerismo,1
historiógrafo,1
hiv,1
holandesa,1
hollywood,1
hômi,1
homicídio,1
honestidade,1
honradez,1
horríveis,1
horrores,1
hortelã,1
hospedado,1
hospitais,1
hóstias,1
hostil,1
hoteis,1
hotéis,1
httpmentalflosscomarticle27399madagascarslegendarymaneatingtree,1
humano,1
humanos,1
humildes,1
humilhações,1
humilhador,1
humilhava,1
i,1
ia,1
iate,1
iatista,1
ícone,1
iconoclasta,1
icós,1
icterícia,1
idas,1
ideais,1
idéia,1
idênticos,1
identificação,1
identificar,1
identificasse,1
ideograma,1
ideológica,1
idiotices,1
idiotizante,1
idos,1
idosa,1
idosos,1
ignomínia,1
ignorantes,1
iguais,1
ilegal,1
illusion,1
iluminado,1
ilusões,1
imaculada,1
imaginário,1
imaginários,1
imbecil,1
imensas,1
imensurável,1
imortais,1
impacto,1
imparcialidade,1
impecáveis,1
imperador,1
imperdoáveis,1
imperial,1
imponentes,1
impossíveis,1
impotente,1
imprecação,1
imprecisa,1
imprescindível,1
impressa,1
imprestável,1
improvisado,1
improviso,1
impudicícia,1
impunidade,1
imunda,1
imundície,1
imutável,1
inacabadas,1
inacabados,1
inaudíveis,1
inaugural,1
incansáveis,1
incauto,1
incesto,1
inchaço,1
inchado,1
inclemente,1
incomparável,1
incomum,1
inconcluso,1
inconformismo,1
inconsciente,1
inconscientes,1
inconstantes,1
incontáveis,1
inconteste,1
inconveniente,1
inconvenientes,1
incorrigível,1
incrível,1
incumbência,1
incumbências,1
indecifráveis,1
indeciso,1
indefeso,1
indefesos,1
independente,1
indignada,1
indisposição,1
indivíduos,1
indomável,1
industrial,1
inequívoca,1
inerte,1
inescrupulosos,1
inesgotáveis,1
inesperado,1
inesquecida,1
inesquecível,1
inestimável,1
inexprimível,1
infalível,1
infarto,1
infatigável,1
infeccioso,1
infelizes,1
inferior,1
infértil,1
infiltrações,1
ínfimo,1
infindável,1
infinidade,1
infinito,1
infinitos,1
inflamatório,1
influência,1
informação,1
informações,1
informálo,1
ingênua,1
ingenuidade,1
ingênuo,1
ingleses,1
íngreme,1
ingrenhado,1
inimagináveis,1
inimaginável,1
inimigos,1
injeções,1
injustiçado,1
inocentes,1
inquietador,1
insaciáveis,1
insaciável,1
insana,1
insidioso,1
insistentes,1
insone,1
insônias,1
inspirador,1
instinto,1
instituições,1
instruções,1
instrumental,1
insuficiente,1
intactos,1
integral,1
íntegro,1
inteirinha,1
inteiros,1
inteligentes,1
intensas,1
intento,1
interessada,1
interjeição,1
internamento,1
intérprete,1
interromperei,1
interveio,1
intimidade,1
íntimo,1
intocada,1
intraduzíveis,1
intransponível,1
intrigante,1
intrigantes,1
intrigas,1
intrínseca,1
inumana,1
invade,1
invasão,1
invejável,1
invejoso,1
invendáveis,1
investida,1
investigação,1
invocação,1
iôiô,1
ipê,1
ipêsamarelos,1
iracebeth,1
irascível,1
irmãos,1
irmãs,1
irreconciliáveis,1
irremediável,1
irreparáveis,1
irresponsável,1
irreversíveis,1
irritado,1
irse,1
iscariote,1
isolada,1
isqueiros,1
istrada,1
itália,1
italiano,1
itapiúna,1
itens,1
iuris,1
ix,1
jabiraca,1
jaca,1
jaime,1
jaleco,1
jambo,1
jangada,1
japonês,1
japonesa,1
japonesinha,1
jardineiras,1
jardins,1
jardinzinho,1
jarra,1
jasmim,1
jaula,1
jazia,1
jeanjacques,1
jeová,1
jocoso,1
joede,1
jogado,1
jogador,1
jogando,1
jogo,1
john,1
joia,1
jóias,1
jornada,1
josezim,1
jpmorgan,1
juazeirense,1
jugular,1
juízes,1
juliana,1
júlio,1
jumentos,1
juramento,1
jurisconsulto,1
jurisprudência,1
jurisprudente,1
justa,1
kathiuska,1
labor,1
laboratoriais,1
laço,1
ladeira,1
ladrar,1
ladroa,1
lagoinha,1
lambuzado,1
lamentos,1
lamivudina,1
lâmpada,1
lampiões,1
lamúrias,1
lança,1
lançamento,1
lançavase,1
lance,1
lancha,1
lanterna,1
lapa,1
laranja,1
larga,1
largados,1
lascivas,1
lassos,1
lata,1
latada,1
latinha,1
laudo,1
lavanderia,1
lavoura,1
lavradores,1
lázaro,1
lê,1
leão,1
lecláry,1
léclery,1
legal,1
legião,1
legista,1
legítimo,1
legume,1
leitão,1
leiteiras,1
leito,1
leitoso,1
leitura,1
léllis,1
lembrança,1
lembrase,1
lembremonos,1
leminski,1
lençóis,1
lençol,1
lendária,1
lenta,1
lentes,1
lentos,1
leon,1
lépido,1
leque,1
lesados,1
lesão,1
léu,1
leucemia,1
levado,1
leválo,1
levandoos,1
levantaramse,1
leviandades,1
levouo,1
lex,1
liberal,1
libidinoso,1
lição,1
liceu,1
liderança,1
ligação,1
ligava,1
ligeira,1
lima,1
limão,1
limitouse,1
limpála,1
lindíssima,1
linguajar,1
línguas,1
liquidações,1
liquidado,1
lírio,1
lisbonense,1
liso,1
lisonjeado,1
lispector,1
literária,1
literário,1
literários,1
litoral,1
litro,1
liturgia,1
livor,1
lixa,1
lixeira,1
lixos,1
lobato,1
loh,1
loira,1
longeva,1
longevidade,1
lorota,1
louca,1
louça,1
loucas,1
loucos,1
loucuras,1
louraça,1
louras,1
lourinho,1
louros,1
louvor,1
luar,1
lúbricos,1
lúcida,1
lucidez,1
lucrativa,1
lúgubre,1
luminosa,1
luminosidade,1
lupinas,1
lustrosos,1
luta,1
lutzrichnerlandolt,1
luxuosas,1
luxuosos,1
luzinhas,1
macacão,1
machado,1
machistas,1
machos,1
maciça,1
maciço,1
maciel,1
maço,1
macumba,1
madeiras,1
madrinha,1
madrugadores,1
madura,1
maduro,1
mafarrico,1
magalhães,1
magnetismo,1
magníficas,1
magníficos,1
magreza,1
magros,1
maio,1
majestosas,1
majestoso,1
malagueta,1
malamanhado,1
malandros,1
maldades,1
maldições,1
maldito,1
maldizendo,1
maledicências,1
maléficas,1
malentendidos,1
malestar,1
maleta,1
malfeitores,1
malfeitos,1
maligna,1
malogrado,1
malta,1
maltrapilha,1
maltrapilhos,1
maltrato,1
mancomunações,1
mandado,1
mandingas,1
mandingueira,1
mandouo,1
manêra,1
mangarosa,1
mangas,1
mangofa,1
mangofas,1
manguaceiros,1
manhãzinha,1
manipulador,1
manipular,1
manjar,1
manso,1
mansões,1
mansos,1
manta,1
manteiga,1
mantimentos,1
mantinhaa,1
manuscritos,1
maquinação,1
marafona,1
maravilhado,1
maravilhados,1
maravilhosos,1
marcado,1
marcante,1
marcas,1
marcenaria,1
março,1
maresia,1
margem,1
margens,1
mariana,1
maridos,1
mariposa,1
mariposas,1
marmanjo,1
marmelada,1
marmita,1
marques,1
marquises,1
marretas,1
martelo,1
martimdavila,1
martinha,1
martírio,1
más,1
mascates,1
massa,1
mataos,1
mataro,1
matas,1
matasete,1
matei,1
materiais,1
materialista,1
matina,1
matinal,1
mavioso,1
máxima,1
mazezinha,1
mec,1
medalha,1
medalhas,1
médica,1
medieval,1
medonum,1
medusa,1
megalomania,1
megera,1
meia,1
meiguice,1
melancolia,1
melancólica,1
melancólico,1
melancólicos,1
melek,1
melhoras,1
melódica,1
melosos,1
membro,1
membros,1
memorial,1
memórias,1
mendicância,1
mendigo,1
menezes,1
menininho,1
meninodeus,1
mensagem,1
mensagens,1
mentais,1
menti,1
mentiras,1
mercadores,1
mercadorias,1
mercê,1
mercearia,1
mercúrio,1
merecedor,1
merecedora,1
merecia,1
merenda,1
meretriz,1
meretrizes,1
mesencefálico,1
mesencéfalo,1
mesmas,1
mesopotâmia,1
mesquinha,1
mesquinhos,1
mestiço,1
mestres,1
metafísicos,1
metal,1
metas,1
meteu,1
metia,1
metidas,1
método,1
meu,1
mexerico,1
mexericos,1
mexeriqueiros,1
mexeu,1
mg,1
michelangelo,1
micro,1
midmo,1
miguel,1
mijado,1
militar,1
mimos,1
miniatura,1
minina,1
mininos,1
minuciosas,1
mirabolantes,1
miríades,1
mirréis,1
mísera,1
misericórdia,1
misquici,1
missas,1
missionário,1
misteriosos,1
misturas,1
moção,1
mochila,1
mochos,1
mocidade,1
mocinha,1
moda,1
modas,1
modelo,1
modernidades,1
modismos,1
modos,1
moinho,1
moiras,1
molhadas,1
monge,1
monitor,1
monótonos,1
monstrengo,1
monstruoso,1
montanha,1
montaria,1
monteiro,1
monturo,1
moradas,1
moradora,1
moreninha,1
moribundos,1
mórmon,1
morreu,1
morro,1
mortalha,1
mortas,1
mortíferos,1
mortis,1
mota,1
motivador,1
motor,1
mourões,1
moverse,1
movimentos,1
mozartes,1
mucumbu,1
mucumbuco,1
mucuripe,1
mudadas,1
mudei,1
mudouse,1
muierada,1
muito,1
mulasemcabeça,1
muleca,1
muleque,1
mulésta,1
mulherzinha,1
multicores,1
multiplicações,1
múmia,1
mundos,1
município,1
municípios,1
muntcho,1
murici,1
murmurejos,1
muxoxo,1
nacional,1
nada,1
nadica,1
namorada,1
nãometoques,1
napoleão,1
narrativa,1
nascente,1
nascer,1
nasceu,1
nasci,1
natais,1
natalina,1
natalinas,1
natalinos,1
natural,1
nauseabundo,1
nauseante,1
naval,1
navegador,1
navio,1
neblina,1
necessidade,1
necromante,1
necrotérios,1
nededidan,1
nêgada,1
negociar,1
negociata,1
negras,1
negrinha,1
negrinhos,1
neném,1
nenhum,1
netinho,1
neurológico,1
nevirapina,1
névoas,1
nicanôôôô,1
nicodemos,1
nítida,1
nitidez,1
nível,1
nó,1
nobel,1
nobreza,1
noitada,1
nojento,1
nordestino,1
nossas,1
notado,1
notase,1
notável,1
notívago,1
notívagos,1
nôto,1
notório,1
notórios,1
noturna,1
noturnos,1
novecentos,1
novenas,1
noves,1
novidade,1
novinha,1
nua,1
nuas,1
nublado,1
número,1
numerosos,1
oab,1
obediência,1
objetos,1
oblíquo,1
óbolo,1
obras,1
obrigado,1
obrigatório,1
obs,1
obscena,1
obscuro,1
observador,1
observálo,1
observandoos,1
observei,1
obstáculos,1
obstrução,1
óbvio,1
oca,1
ocasião,1
ocaso,1
oco,1
ôco,1
ocorreu,1
ocultação,1
ocultavase,1
oculto,1
ocultos,1
ocupado,1
odalisca,1
odiosas,1
oeste,1
ofensa,1
ofertálo,1
off,1
oficinas,1
ofuscante,1
oitavo,1
oitizeiros,1
oito,1
old,1
óleo,1
olha,1
olheiros,1
oligarquias,1
omnis,1
onça,1
ondacorpúsculo,1
ondula,1
onírica,1
opacas,1
opção,1
operário,1
óperas,1
oportunidades,1
oposição,1
orde,1
ordens,1
órgão,1
orgulhosa,1
orgulhoso,1
origens,1
ornamentos,1
ortodoxia,1
orvalho,1
orwell,1
óssea,1
osso,1
ostenta,1
ótima,1
ótimo,1
ouço,1
ourivesaria,1
outra,1
outubro,1
ouvese,1
ouviase,1
ouvinte,1
ouviramse,1
ovibus,1
ovos,1
pablo,1
pacientes,1
pacis,1
paço,1
paçoquita,1
padrelobisomem,1
padres,1
pagá,1
pagode,1
paiol,1
paira,1
pajé,1
palacetes,1
palácio,1
palácios,1
palavrinha,1
palestras,1
palhaçada,1
pálida,1
pálidas,1
pálido,1
palitos,1
palma,1
palmeira,1
palmo,1
palpite,1
palvras,1
pampas,1
panelão,1
panfletinho,1
panfletos,1
panos,1
papal,1
papeizinhos,1
papelões,1
papoulas,1
papudinhos,1
papudins,1
paquera,1
paradeiro,1
paradinha,1
parafernália,1
parafraseio,1
parafuso,1
paragens,1
paraíba,1
paraíso,1
paralisada,1
parambu,1
paramédicos,1
paramentada,1
parasitário,1
parcas,1
parceria,1
parda,1
parecer,1
pareciamme,1
parecido,1
parecidos,1
parente,1
parentes,1
parida,1
parisienses,1
paroquianos,1
particulares,1
particularidade,1
partida,1
partira,1
pás,1
pascoal,1
passadas,1
passageiro,1
passamento,1
passar,1
passaramse,1
pássaro,1
passeio,1
passeios,1
passes,1
passional,1
pastas,1
pastor,1
patavina,1
patética,1
patético,1
patíbulo,1
patife,1
patinhos,1
patológica,1
pátria,1
patrono,1
paudágua,1
pavão,1
pavio,1
pavorosa,1
pavoroso,1
pazuzu,1
pecados,1
pecuarista,1
pedacinho,1
pedagogia,1
pédemoleque,1
pédepato,1
pedestal,1
pedidos,1
pedinte,1
pedófilos,1
pedregosos,1
pega,1
pegador,1
pegajosa,1
pegô,1
peidorreira,1
peitos,1
peixes,1
pelamordedeus,1
peles,1
pêlos,1
pendentes,1
pendialhe,1
pendurandoos,1
penetrante,1
penetrarlhes,1
penhascos,1
penoso,1
pensamento,1
pensano,1
pensaro,1
pensas,1
pensativa,1
pensei,1
penso,1
pensões,1
pentecostais,1
pequenininha,1
pequi,1
percoço,1
perdeuse,1
perdulário,1
pereba,1
perfídias,1
perfumado,1
perfumes,1
pergaminhos,1
perito,1
peritos,1
permanecia,1
permuta,1
pernambucano,1
perplexa,1
perplexo,1
personagem,1
personagens,1
personalidades,1
persuasivo,1
pertences,1
pertinente,1
pertinho,1
perto,1
perturbado,1
perturbadores,1
peruca,1
perus,1
perversidade,1
pescadores,1
pescoços,1
pesquisa,1
pesquisador,1
péssima,1
pestes,1
pestinha,1
petrificado,1
petrificante,1
philco,1
piadista,1
piadistas,1
piado,1
piauí,1
pickard,1
pífia,1
pilão,1
pilhéria,1
pilhérico,1
pimentão,1
pimentãodecaiena,1
pinheiro,1
pinho,1
pino,1
pinzón,1
piolho,1
pipoca,1
pipoqueiro,1
pirâmides,1
piroca,1
piscina,1
piso,1
pitada,1
pitomba,1
pitombas,1
placa,1
plagas,1
planeta,1
planos,1
plantão,1
plantinha,1
plantio,1
platônicas,1
pleito,1
plena,1
plenário,1
pó,1
pobrezinha,1
pobrezinho,1
poças,1
pocinhos,1
pôde,1
poderes,1
poderoso,1
podese,1
podia,1
podiase,1
podridões,1
poeirento,1
polêmica,1
policarpo,1
policiais,1
policialesca,1
polidos,1
politeísta,1
políticofilosóficos,1
ponho,1
pontaria,1
pontes,1
pontifícias,1
pontos,1
pontual,1
popa,1
populares,1
porca,1
porção,1
porcelana,1
porcos,1
pormenores,1
pornográficas,1
portaria,1
porteiro,1
portugal,1
portuguesa,1
portugueses,1
pôs,1
pose,1
positivo,1
possíveis,1
possuía,1
possuidor,1
postas,1
poste,1
postos,1
postulações,1
potável,1
potes,1
potinho,1
pouquinho,1
pra,1
pracinha,1
pranto,1
prateado,1
prateleira,1
prática,1
praticante,1
pratinho,1
praxe,1
prazos,1
preces,1
preciosas,1
precipícios,1
precisão,1
precisar,1
preconceituoso,1
preços,1
predileta,1
predominância,1
preenchido,1
prefeita,1
preferido,1
prefiro,1
pregos,1
preguiçoso,1
pregunta,1
prejuízo,1
preliatur,1
premonição,1
prenúncio,1
preocupações,1
preocupada,1
preocupe,1
preocupouse,1
preparação,1
presbíteros,1
prescrevem,1
presentear,1
presépio,1
presídio,1
preso,1
pressas,1
presta,1
prestes,1
pretensão,1
pretensões,1
pretexto,1
pretume,1
primeiradama,1
primoroso,1
principais,1
princípios,1
prisidente,1
prisioneiros,1
privações,1
problema,1
probo,1
probos,1
procedência,1
procedimentos,1
processo,1
procura,1
procurei,1
prodígios,1
produto,1
proeminente,1
proeza,1
proezas,1
profano,1
profecia,1
proferidas,1
professora,1
profissão,1
programa,1
programação,1
programador,1
proibição,1
proibições,1
proibindoo,1
proibitivo,1
pronta,1
prontos,1
pronúncia,1
pronunciada,1
pronunciarte,1
pronunciavase,1
propícias,1
proporção,1
propôs,1
propósito,1
propriedade,1
propriedades,1
proprietária,1
prosápia,1
proseador,1
prósperas,1
próspero,1
prostituição,1
prostrado,1
prova,1
provado,1
provas,1
provérbio,1
provocador,1
proxenetas,1
próximo,1
pruiquê,1
prum,1
psicogênico,1
psicóticos,1
púberes,1
publicitários,1
publiquese,1
pudim,1
púlpito,1
pulsos,1
pungente,1
punhal,1
punições,1
punila,1
pupilas,1
pureza,1
púrpura,1
purpúreas,1
pus,1
pústulas,1
puteiros,1
putrefato,1
pútrido,1
puxandoa,1
puxandoo,1
puxão,1
puxasacos,1
puxavancos,1
quadras,1
quadrilha,1
quais,1
quantas,1
quântica,1
quão,1
quarenta,1
quartafeira,1
quartinho,1
quatro,1
qué,1
quebra,1
quebramar,1
quebrar,1
queixa,1
queixas,1
queixo,1
queixouse,1
quenedim,1
quengas,1
quentes,1
quentinhas,1
quentura,1
querníctero,1
quero,1
questões,1
quilos,1
quimera,1
química,1
quinquilharias,1
quintafeira,1
quinto,1
quinze,1
quiromante,1
quis,1
quixotesca,1
rabelo,1
rabiola,1
rabodegalo,1
rabugento,1
racial,1
rafael,1
raiar,1
rainha,1
rampa,1
ranger,1
rapaduras,1
raparigueiro,1
rapina,1
raquítica,1
rarefeito,1
raro,1
rasputin,1
rastro,1
rastros,1
rato,1
ratos,1
razões,1
realidades,1
realista,1
reanimálo,1
rebeldes,1
rebento,1
recado,1
recebeua,1
receio,1
receios,1
recém,1
recémcasados,1
recémnascido,1
rechonchuda,1
recife,1
recipiente,1
reclames,1
reclusa,1
reclusão,1
reclusas,1
recomposto,1
reconstituílo,1
recordações,1
redação,1
rédeas,1
redemunho,1
redemunhos,1
redentora,1
reduto,1
reencarnação,1
refeito,1
refém,1
referência,1
refestelandose,1
refestelouse,1
refezse,1
refletiamse,1
reflexos,1
reforma,1
refrescante,1
refrigerante,1
refrigério,1
refugiados,1
refúgio,1
regina,1
reinos,1
réis,1
reitor,1
reiva,1
rejuvenescidas,1
relato,1
relembro,1
relento,1
religião,1
relíquia,1
relutância,1
relvas,1
remédios,1
remoendose,1
remorso,1
remota,1
remotos,1
renal,1
renovação,1
repentista,1
repetitivo,1
repetiuse,1
repleto,1
repolhos,1
repórteres,1
representante,1
reprovador,1
reprovável,1
repulsão,1
resdo,1
reserva,1
resignado,1
respiração,1
responsa,1
responsáveis,1
responsável,1
resquício,1
ressaca,1
ressurreição,1
restabelecido,1
restaurantes,1
réstia,1
retémse,1
retirante,1
retiros,1
reuniões,1
revezes,1
revistinhas,1
revoltas,1
revolucionário,1
revolucionários,1
revólver,1
rezano,1
rezas,1
rh,1
rhodugune,1
riase,1
rios,1
riquezas,1
riquíssimo,1
risco,1
riscos,1
risinho,1
risinhos,1
risível,1
riste,1
rituais,1
riu,1
roçadeira,1
roçados,1
rocambolescas,1
rochas,1
rodoviárias,1
rodrigues,1
rogaciano,1
rogada,1
rogado,1
rolar,1
rolinha,1
rolo,1
rolos,1
romancista,1
romano,1
romanos,1
rombo,1
romêro,1
ron,1
roquete,1
rosadas,1
rosinha,1
rosnado,1
rossbach,1
rostos,1
rótulos,1
roubado,1
roubos,1
rouca,1
roupagem,1
roupinha,1
roxa,1
roxas,1
roxo,1
rrrrrrrrrrroooooooooooouuuuuuuuuummmmmmm,1
rubor,1
ruminante,1
rumor,1
russas,1
ruth,1
rutilantes,1
sã,1
sabendo,1
sabetudo,1
sábias,1
sábios,1
sabor,1
saborosas,1
sabugo,1
sacada,1
sacadas,1
sacas,1
sacerdotes,1
saciarse,1
sacolinha,1
sacramento,1
sacrilégio,1
sacrílego,1
sadia,1
sádico,1
safado,1
saibrosas,1
saio,1
saitafernes,1
salém,1
salinha,1
salles,1
salões,1
salvação,1
salvatore,1
samburá,1
samu,1
sangramento,1
sangrento,1
sanguinário,1
sanguinários,1
sanguíneos,1
sanidade,1
santeria,1
santidade,1
santificação,1
santíssima,1
santíssimo,1
santontôin,1
sapiência,1
sapos,1
sapucaio,1
sarau,1
saraus,1
sardenta,1
sarjetas,1
sásamo,1
satisfeitíssimo,1
saturnália,1
sc,1
schiavo,1
sebastião,1
sebento,1
secura,1
sedan,1
sedentas,1
seduziu,1
sefer,1
seguese,1
seguidas,1
seguido,1
seguidores,1
seguintes,1
segurança,1
seguro,1
seiva,1
selas,1
selvagem,1
semelhança,1
semgraça,1
semianalfabeto,1
semidegolados,1
semihelicoidal,1
seminarista,1
semírames,1
semítica,1
sempre,1
semvergonha,1
senado,1
senador,1
sêneca,1
senha,1
senhorial,1
senil,1
sensuais,1
sentadinha,1
sentadinhas,1
sentarse,1
sentemonos,1
sentindome,1
sentindose,1
sentinela,1
sentinelas,1
sepulcro,1
sepultálo,1
sepultura,1
sepulturas,1
seqüela,1
sequencia,1
seqüência,1
serafim,1
serenata,1
serenatas,1
seresteiro,1
série,1
sérios,1
serpente,1
serpentinas,1
serrotes,1
serviao,1
serviase,1
serviçais,1
servindose,1
sessenta,1
severo,1
sevícias,1
sifilíticas,1
significa,1
significado,1
sílaba,1
silencioso,1
silentes,1
silvestres,1
similar,1
simpatias,1
simpática,1
simpático,1
simplistas,1
simplória,1
simplórias,1
simultâneas,1
sinceros,1
síncope,1
singela,1
sinhazinha,1
sinos,1
sinuosas,1
sinuoso,1
siriguelas,1
síriolibanês,1
sistema,1
sisudo,1
soberbos,1
sobra,1
sobrancelhas,1
sobrenaturais,1
sobressaltados,1
sobrevivente,1
sobreviventes,1
socialite,1
socialites,1
sociedade,1
soco,1
sofrer,1
sofrido,1
sofrimentos,1
soín,1
solavanco,1
soldado,1
soldados,1
solenes,1
solenidade,1
sólido,1
solta,1
solteiro,1
solto,1
soltura,1
soluço,1
soluços,1
somas,1
sombreada,1
sombreadas,1
sombreados,1
sombrio,1
sombrios,1
somos,1
sonâmbulo,1
sonolenta,1
sonolentas,1
sonolento,1
sonoro,1
sonoros,1
sonsos,1
sopé,1
sórdidos,1
soropositivo,1
sorridentes,1
sorrisinho,1
sorriume,1
sortida,1
sortido,1
sós,1
sossego,1
sotaina,1
sotaque,1
sousa,1
sozinha,1
stf,1
strigoi,1
suada,1
suado,1
suaves,1
submetendoa,1
submundo,1
subsaariana,1
subserviente,1
subsistência,1
substância,1
sucessivos,1
sufocamento,1
sufocante,1
suicida,1
suicidouse,1
suínos,1
sujeira,1
sujeiras,1
sujeitaivos,1
sujeitos,1
sujinho,1
sujos,1
sumana,1
sumira,1
sumo,1
suores,1
super,1
superação,1
supérfluas,1
superiora,1
superstições,1
suplícios,1
supõenos,1
suporte,1
suposta,1
surdo,1
surgindo,1
surpreendente,1
surrão,1
surravase,1
surrões,1
suspeita,1
suspeitas,1
suspeitavase,1
suspiros,1
sustenido,1
ta,1
tabaco,1
tabefe,1
tabulae,1
tabuleiro,1
taco,1
talheres,1
tamanhão,1
tamborete,1
tamuz,1
tangente,1
tangerina,1
tangerinos,1
tantas,1
tanzânia,1
tao,1
tarado,1
tato,1
tauape,1
tauus,1
taxativa,1
técnico,1
teimosia,1
teimoso,1
teimosos,1
têla,1
telefonema,1
telhados,1
telhas,1
tema,1
temas,1
temido,1
temíveis,1
tempero,1
temperos,1
tempestuoso,1
tempestuosos,1
temporais,1
tenacidade,1
tenaz,1
tenhais,1
tentativa,1
tento,1
teor,1
teoria,1
teorias,1
terçafeira,1
tércio,1
terme,1
terminal,1
terminô,1
término,1
terracota,1
terremoto,1
terrenas,1
terri,1
terry,1
terse,1
tesa,1
tesouras,1
tesouros,1
testemunhos,1
tetracloreto,1
tetragrama,1
teus,1
textos,1
theatro,1
tiara,1
tíbias,1
tigela,1
tigipió,1
tijolos,1
timóteo,1
tina,1
tingido,1
tinha,1
tino,1
tinto,1
tios,1
típica,1
tiquinho,1
tira,1
tiracolo,1
títulos,1
to,1
tocaia,1
tocálo,1
tocasse,1
tocha,1
todinha,1
todo,1
todopoderoso,1
togado,1
tolhas,1
tolos,1
tomado,1
tomo,1
tona,1
tonéis,1
toneladas,1
tontas,1
tonto,1
topo,1
tórax,1
tormentas,1
tornálo,1
tornandoo,1
tornarse,1
torpor,1
torrente,1
torresmo,1
tortas,1
torto,1
tortuosos,1
tortura,1
torturas,1
tosco,1
totalidade,1
totemismo,1
trabaidô,1
trabaio,1
trabalhadeira,1
trabalhador,1
traçado,1
traço,1
traços,1
tradições,1
traduzame,1
traduzi,1
tráfego,1
tráfico,1
traga,1
tragadouro,1
trágica,1
tragicomédia,1
trago,1
traíras,1
trajano,1
trajes,1
trama,1
trambiqueiros,1
trambolhões,1
tramoso,1
trancandoa,1
tranqueira,1
tranquila,1
tranquilas,1
tranqüilo,1
tranquilos,1
transbordante,1
transeunte,1
transferência,1
transitórias,1
translúcida,1
translúcidas,1
transmutação,1
transpus,1
traquinos,1
traseiras,1
tratado,1
tratálo,1
trato,1
traumático,1
travestis,1
traz,1
treco,1
trégua,1
trejeitos,1
tremeliques,1
tremendo,1
tremia,1
trempes,1
trêmula,1
tricampeão,1
trilha,1
trinado,1
trinca,1
trincheiras,1
tripa,1
tripé,1
tripulação,1
tripulantes,1
triz,1
trocado,1
troféu,1
tromba,1
trombeta,1
trombuda,1
tronquilo,1
tropa,1
tropeços,1
trôpegos,1
tropical,1
trópicos,1
trote,1
trovão,1
ts,1
tse,1
tubo,1
túnel,1
turbilhão,1
turista,1
udas,1
ufologia,1
ultimas,1
uma,1
úmida,1
úmidos,1
une,1
unha,1
unhão,1
união,1
unibus,1
únicas,1
unidade,1
unidos,1
unifor,1
urbana,1
usálo,1
usurário,1
uti,1
utilizandose,1
vacilante,1
vadios,1
vaga,1
vagabundo,1
vagarosa,1
vagos,1
vaia,1
vaidade,1
vaidades,1
valentão,1
valhamindeus,1
valiosas,1
valioso,1
valorzinho,1
válvula,1
vampirescos,1
vampiros,1
vangloriavase,1
vantagem,1
vãos,1
varandas,1
variedade,1
vasos,1
vastidão,1
vaticano,1
vaticínio,1
vê,1
veículo,1
vêla,1
velhacadas,1
velhice,1
velhinhos,1
velórios,1
vêlos,1
veludo,1
vendi,1
venenosa,1
venenosas,1
veneração,1
veno,1
vens,1
ventilação,1
ventoinha,1
ventos,1
venturosa,1
verbal,1
verdadeira,1
verdura,1
veredas,1
vergonhoso,1
verídicos,1
verme,1
vermelhoalaranjado,1
vermes,1
verte,1
vespertinas,1
vestibular,1
vestidinho,1
vestígios,1
vestiuse,1
vexatória,1
via,1
viadagem,1
viado,1
viaje,1
vias,1
viciado,1
vício,1
vícios,1
vidinha,1
vigência,1
vigente,1
vigilante,1
vigor,1
vinda,1
vingativo,1
violação,1
violeiro,1
violentíssimos,1
violento,1
virada,1
vires,1
virgem,1
virgílio,1
viril,1
virilhas,1
virtude,1
visagem,1
viscoso,1
visitálo,1
visitante,1
visitantes,1
visitas,1
visto,1
vistosa,1
visuais,1
vital,1
vitia,1
vitral,1
vitrines,1
viu,1
viuse,1
viuvez,1
viúvo,1
vivacidade,1
vivente,1
vivesses,1
vivia,1
vívido,1
vivo,1
vó,1
voa,1
voadores,1
vocês,1
vodu,1
voláteis,1
volátil,1
vôle,1
volto,1
volume,1
volumes,1
volúpia,1
volúpias,1
voos,1
voragem,1
vórtice,1
vosmicê,1
votado,1
vultoso,1
wallis,1
whisky,1
white,1
xarope,1
xecápi,1
xiii,1
xix,1
xúbertes,1
xviii,1
yateveo,1
ypióca,1
yyogoladinas,1
zack,1
zapzap,1
zelador,1
zenith,1
zeza,1
zidovudina,1
ziendaz,1
zoada,1
zombeteiros,1
zôme,1
zonza,1
zumzumzum,1
